73606720,50,Yokohama,Yokohama AVS ES100 215/50R17 Tire,91,SL,0 PSI,1356 lbs,7,AVS ES100,25.5 inch,,10057,815,17,7.5 inch,6 inch,215,BW,W,,215/50R17,Highway,10,7.9,280 AA A,,
73607380,60,GT Radial,GT Radial Savero HT 275/60R17 Tire,110,,,2336 lbs,,Savero HT,30 inch,P,CSV9072,,17,9.5 inch,7.5 inch,275,OWL,T,,275/60R17,,13,,,37.29 lbs,
73607120,60,Kumho,Kumho Ecsta STX KL-12 235/60R18 Tire,107,,,,7.5,Ecsta STX KL-12,29.1 inch,,2101323,,18,8.5 inch,6.5 inch,235,BSW,V,,235/60R18,,,,420 A A,32 lbs,
73607040,75,Star,Star Trail Buster Radial APR 225/75R16 Tire,103,C,0 PSI,1940 lbs,6.00,Trail Buster Radial APR,29.3 inch,LT,357841087,709,16,7 inch,6 inch,225,,Q,,225/75R16,,15,,,37.26 lbs,
73607530,35,Toyo Tire,Toyo Tire Proxes T1-S 255/35R18 Tire,90,,0 PSI,1323 lbs,9,Proxes T1-S,25 inch,,250530,830,18,10 inch,8.5 inch,255,,Y,,255/35R18,Highway,10,,280 AA A,22 lbs,
73607920,65,Toyo Tire,Toyo Tire U1 205/65R15 Tire,94,,0 PSI,829 lbs,6,U1,25.5 inch,,237600,1201,15,7.5 inch,5.5 inch,205,B/TL,V,,205/65R15,,10,,200 A A,23 lbs,
73607450,50,Toyo Tire,Toyo Tire Proxes T1-S 235/50R18 Tire,97,,0 PSI,1609 lbs,7.5,Proxes T1-S,27.28 inch,,242010,760,18,8.5 inch,6.5 inch,235,,W,,235/50R18,Highway,10,,280 AA A,28 lbs,
73607890,55,Toyo Tire,Toyo Tire Versado LX 215/55R16 Tire,93,,,,7,Versado LX,25.2 inch,,111720,,16,7.5 inch,6 inch,215,B/TL,H,,215/55R16,Highway,,,400 AA A,23 lbs,
73607830,65,Toyo Tire,Toyo Tire 800 Ultra Touring 185/65R15 Tire,86,,0 PSI,1168 lbs,5.5,800 Ultra Touring,24.5 inch,P,235060,847,15,6.5 inch,5 inch,185,BLK,T,,185/65R15,Highway,12,,700 A B,18 lbs,
73607770,65,Toyo Tire,Toyo Tire Toyo Eclipse 235/65R16 Tire,103,,0 PSI,1929 lbs,7,Toyo Eclipse,28 inch,,169020,741,16,8.5 inch,6.5 inch,235,B/TL,T,,235/65R16,,12,,580 A B,21 lbs,
73607300,65,Toyo Tire,Toyo Tire Observe G-02 Plus 175/65R14 Tire,82,,,,5,Observe G-02 Plus,23 inch,,137130,,14,6 inch,5 inch,175,B/TL,T,,175/65R14,,,,,16 lbs,
73606610,75,Michelin,Michelin LTX A/T 235/75R15 Tire,108,XL,0 PSI,2183 lbs,6.5,LTX A/T,,,36544,,15,8.5 inch,6 inch,235,,S,,235/75R15,Off Road,15,,400 A B,,
73607610,55,Toyo Tire,Toyo Tire Proxes R1R 205/55R16 Tire,91,,0 PSI,1356 lbs,6.5,Proxes R1R,24.8 inch,,170200,838,16,7.5 inch,5.5 inch,205,,V,,205/55R16,Highway,8,,140 AA A,22 lbs,
73606860,50,Kumho,Kumho Ecsta ASX KU-21 205/50R16 Tire,87,,0 PSI,1202 lbs,6.5,Ecsta ASX KU-21,24.1 inch,,1741713,862.179,16,7.5 inch,5.5 inch,205,BSW,W,,205/50R16,,10,,420 AA A,20.63 lbs,
73607820,55,Toyo Tire,Toyo Tire Observe Garit KX 195/55R16 Tire,87,,,,6,Observe Garit KX,24.4 inch,,149770,,16,7 inch,5.5 inch,195,B/TL,H,,195/55R16,,,,,21 lbs,
73606470,65,Toyo Tire,Toyo Tire Spectrum 205/65R15 Tire,92,,0 PSI,1400 lbs,6,Spectrum,25.5 inch,P,143650,812,15,7.5 inch,5.5 inch,205,B,T,,205/65R15,Highway,12,,580 A B,21 lbs,
73607290,60,Toyo Tire,Toyo Tire Observe G-02 Plus 225/60R18 Tire,100,,,,7.5,Observe G-02 Plus,28.7 inch,,137340,,18,8 inch,6 inch,225,B/TL,T,,225/60R18,,,,,29 lbs,
73607950,55,Toyo Tire,Toyo Tire Proxes TPT 215/55R16 Tire,93,,0 PSI,1433 lbs,7,Proxes TPT,25.3 inch,,187810,826,16,7.5 inch,6 inch,215,B/TL,V,,215/55R16,Highway,10,,400 A A,21 lbs,
73606920,40,Kumho,Kumho Ecsta ASX KU-21 285/40R17 Tire,100,,0 PSI,1764 lbs,10,Ecsta ASX KU-21,26 inch,,1742913,799.475,17,11 inch,9.5 inch,285,BSW,W,,285/40R17,,10,,420 AA A,30.77 lbs,
73607600,50,Toyo Tire,Toyo Tire Proxes FZ4 225/50R15 Tire,90,,0 PSI,1301 lbs,7,Proxes FZ4,23.9 inch,P,189540,874,15,8 inch,6 inch,225,,V,,225/50R15,Highway,10,,300 A A,20 lbs,
73606460,60,Toyo Tire,Toyo Tire Spectrum 225/60R17 Tire,98,,0 PSI,1653 lbs,6.5,Spectrum,27.7 inch,P,143860,751,17,8 inch,6 inch,225,B,T,,225/60R17,Highway,12,,580 A B,27 lbs,
73607230,65,GT Radial,GT Radial Champiro 128 185/65R15 Tire,88,,,1234 lbs,,Champiro 128,24.45 inch,,CCH16536,,15,6.5 inch,5 inch,185,,H,,185/65R15,,10,,,18.85 lbs,
73606910,45,Kumho,Kumho Ecsta ASX KU-21 205/45R16 Tire,87,,0 PSI,1202 lbs,7,Ecsta ASX KU-21,23.2 inch,,1741513,894.328,16,7.5 inch,6.5 inch,205,BSW,W,,205/45R16,,10,,420 AA A,20.1 lbs,
73607370,65,GT Radial,GT Radial Maxtour 65 195/65R14 Tire,89,,,1279 lbs,,Maxtour 65,,,CMAX6528,,14,7 inch,5.5 inch,195,,T,,195/65R14,,,,,,
73606600,55,Hankook,Hankook Optimo H725A O.E. 205/55R16 Tire,89,,,,,Optimo H725A O.E.,,,1007836,,16,8 inch,6 inch,205,,H,,205/55R16,Highway,,,,,
73606930,40,Kumho,Kumho Ecsta ASX KU-21 235/40R18 Tire,95,,0 PSI,1521 lbs,8.5,Ecsta ASX KU-21,25.4 inch,,1731013,818.068,18,9.5 inch,8 inch,235,BSW,W,,235/40R18,,10,,420 AA A,24.6 lbs,
73607680,50,Toyo Tire,Toyo Tire Proxes T1R 235/50R17 Tire,96,,0 PSI,1565 lbs,7.5,Proxes T1R,26.2 inch,,546510,793,17,8.5 inch,6.5 inch,235,BSW,Y,,235/50R17,Highway,10,,,27 lbs,
73606870,45,Kumho,Kumho Ecsta ASX KU-21 245/45R20 Tire,99,,0 PSI,1709 lbs,8,Ecsta ASX KU-21,28.7 inch,,1892613,723.825,20,9 inch,7.5 inch,245,BSW,Y,,245/45R20,,10,,420 AA A,32.13 lbs,
73606730,45,Yokohama,Yokohama AVS ES100 225/45R16 Tire,93,RF,0 PSI,1433 lbs,7.5,AVS ES100,24 inch,,10062,866,16,8.5 inch,7 inch,225,BW,W,,225/45R16,Highway,10,8.7,280 AA A,21.9 lbs,
73607050,75,Star,Star Trail Buster Radial APR 225/75R16 Tire,104,SL,0 PSI,1804 lbs,6.00,Trail Buster Radial APR,29.3 inch,P,356797261,713,16,7.5 inch,6 inch,225,,S,,225/75R16,,11,,480 A B,30.35 lbs,
73606480,75,Toyo Tire,Toyo Tire Spectrum 225/75R15 Tire,102,,0 PSI,1874 lbs,,Spectrum,28.3 inch,P,143350,732,15,7.5 inch,6 inch,225,WL,S,,225/75R15,Highway,12,,580 A B,26 lbs,
73607790,60,Toyo Tire,Toyo Tire Toyo Eclipse 215/60R17 Tire,95,,0 PSI,1521 lbs,6.5,Toyo Eclipse,27.2 inch,P,169030,762,17,7.5 inch,6 inch,215,B/TL,T,,215/60R17,,12,,580 A B,20 lbs,
73607550,50,Toyo Tire,Toyo Tire Proxes T1-S 225/50R15 Tire,91,,0 PSI,1356 lbs,7,Proxes T1-S,23.9 inch,,241950,868,15,8 inch,6 inch,225,,V,,225/50R15,Highway,10,,280 AA A,20.3 lbs,
73607470,45,Toyo Tire,Toyo Tire Proxes T1-S 245/45R17 Tire,95,,0 PSI,1521 lbs,8,Proxes T1-S,25.67 inch,,241890,807,17,9 inch,7.5 inch,245,,W,,245/45R17,Highway,10,,280 AA A,25 lbs,
73606640,75,Michelin,Michelin LTX M/S 225/75R15 Tire,102,,,,,LTX M/S,,,09588,,15,7.5 inch,6 inch,225,,S,,225/75R15,Highway,,,,,
73607130,45,Kumho,Kumho Ecsta STX KL-12 285/45R19 Tire,107,,0 PSI,2149 lbs,9.5,Ecsta STX KL-12,29.1 inch,,1685713,714,19,10.5 inch,9 inch,285,BSW,W,,285/45R19,,11,,420 A A,37.2 lbs,
73606570,75,Discount,Discount PFD Trail AP 245/75R16 Tire,109,SL,0 PSI,2271 lbs,0.00,PFD Trail AP,30.5 inch,P,356902025,0,16,8 inch,6.5 inch,245,OWL,S,,245/75R16,,10,,400 B C,32.12 lbs,
73607590,45,Toyo Tire,Toyo Tire Proxes FZ4 235/45R17 Tire,97,,0 PSI,1609 lbs,8,Proxes FZ4,25.35 inch,,189770,822,17,9 inch,7.5 inch,235,,W,,235/45R17,Highway,10,,300 A A,24 lbs,
73607940,60,Toyo Tire,Toyo Tire Observe GARIT-HT 225/60R16 Tire,98,,,,6.5,Observe GARIT-HT,26.6 inch,,146950,,16,8 inch,6 inch,225,B/TL,H,,225/60R16,,,,,24 lbs,
73607810,40,Toyo Tire,Toyo Tire Observe Garit KX 245/40R19 Tire,94,,,,8.5,Observe Garit KX,26.7 inch,,149820,,19,9.5 inch,8 inch,245,B/TL,H,,245/40R19,,,,,30 lbs,
73607400,65,Toyo Tire,Toyo Tire J20 205/65R15 Tire,92,,0 PSI,1400 lbs,6,J20,25.4 inch,P,120800,829,15,7.5 inch,5.5 inch,205,B/TL,H,,205/65R15,,9,,200 A  A,22 lbs,
73606700,60,Yokohama,Yokohama AVS ES100 205/60R15 Tire,95,SL,0 PSI,1521 lbs,6.0,AVS ES100,24.7 inch,,10053,841,15,7.5 inch,5.5 inch,205,BW,H,,205/60R15,Highway,10,7.1,280 AA A,21.82 lbs,
73607670,50,Toyo Tire,Toyo Tire Proxes T1R 215/50R17 Tire,91,,,,7,Proxes T1R,25.4 inch,,245780,,17,7.5 inch,6 inch,215,B/TL,Y,,215/50R17,Highway,,,280 AA A,22 lbs,
73607220,60,GT Radial,GT Radial Champiro 128 195/60R15 Tire,88,,,1234 lbs,,Champiro 128,24.21 inch,,CCH16040,,15,7 inch,5.5 inch,195,,H,,195/60R15,,10,,,19.48 lbs,
73606560,45,Yokohama,Yokohama AVID H4s/V4s 235/45R17 Tire,97,RF,0 PSI,1609 lbs,8.0,AVID H4s/V4s,25.3 inch,,31507,820,17,9 inch,7.5 inch,235,BW,H,,235/45R17,Highway,10,8.1,500 AA A,25.78 lbs,
73606710,35,Yokohama,Yokohama AVS ES100 255/35R18 Tire,90,SL,0 PSI,1323 lbs,9,AVS ES100,25.1 inch,,10074,828,18,10 inch,8.5 inch,255,BW,W,,255/35R18,Highway,10,9.8,280 AA A,,
73607340,75,Toyo Tire,Toyo Tire M410 245/75R16 Tire,104,C,0 PSI,2205 lbs,7,M410,30.47 inch,LT,306580,680,16,7.5 inch,6.5 inch,245,OWL,Q,,245/75R16,Highway,15,,,,
73607100,85,Star,Star Trail Buster Radial APR 235/85R16 Tire,120,,0 PSI,3042 lbs,6.50,Trail Buster Radial APR,31.8 inch,LT,357433162,655,16,7 inch,6 inch,235,OBL,Q,,235/85R16,,16,,,45.04 lbs,
73607500,45,Toyo Tire,Toyo Tire Proxes T1-S 255/45R17 Tire,98,,0 PSI,1653 lbs,8.5,Proxes T1-S,26.06 inch,,241900,797,17,9.5 inch,8 inch,255,,Y,,255/45R17,Highway,10,,280 AA A,27 lbs,
73607360,60,GT Radial,GT Radial Champiro 60 185/60R14 Tire,82,,,1047 lbs,,Champiro 60,,,CGT6020,,14,6.5 inch,5 inch,185,,H,,185/60R14,,,,,,
73606840,35,Kumho,Kumho Ecsta V-70A 335/35R17 Tire,106,,0 PSI,2094 lbs,11.5,Ecsta V-70A,26 inch,,1793313,802,17,12.5 inch,11 inch,335,BSW,W,,335/35R17,,6,,54 AA A,31.1 lbs,
73607480,35,Toyo Tire,Toyo Tire Proxes T1-S 245/35R18 Tire,88,,0 PSI,1235 lbs,8.5,Proxes T1-S,24.76 inch,,241610,839,18,9.5 inch,8 inch,245,,W,,245/35R18,Highway,10,,280 AA A,23 lbs,
73606650,75,Michelin,Michelin LTX M/S 225/75R16 Tire,115,E,0 PSI,2680 lbs,6,LTX M/S,29.4 inch,LT,65141,709,16,7 inch,6 inch,225,ORWL,R,,225/75R16,Highway,15,,,,
73607800,60,Toyo Tire,Toyo Tire Toyo Eclipse 195/60R14 Tire,85,,0 PSI,1102 lbs,6,Toyo Eclipse,23.2 inch,P,160010,894,14,7 inch,5 inch,195,B/TL,T,,195/60R14,,11,,580 A B,18 lbs,
73606630,85,Michelin,Michelin LTX A/S 235/85R16 Tire,120,E,0 PSI,2778 lbs,7,LTX A/S,,,15038,,16,7 inch,6 inch,235,,R,,235/85R16,Highway,14,,,,
73606900,50,Kumho,Kumho Ecsta ASX KU-21 225/50R16 Tire,92,,0 PSI,1389 lbs,7,Ecsta ASX KU-21,24.9 inch,,1734313,834.895,16,8 inch,6 inch,225,BSW,W,,225/50R16,,10,,420 AA A,23.28 lbs,
73607580,55,Toyo Tire,Toyo Tire Proxes FZ4 215/55R16 Tire,93,,0 PSI,1433 lbs,7,Proxes FZ4,25.28 inch,,189940,824,16,7.5 inch,6 inch,215,,V,,215/55R16,Highway,9.8,,300 A A,22 lbs,
73607270,60,Toyo Tire,Toyo Tire Observe G-02 Plus 205/60R16 Tire,92,,,,6,Observe G-02 Plus,25.6 inch,,137250,,16,7.5 inch,5.5 inch,205,B/TL,T,,205/60R16,,,,,23 lbs,
73606420,45,Yokohama,Yokohama AVID H4s/V4s 215/45R17 Tire,91,RF,0 PSI,1356 lbs,7.0,AVID H4s/V4s,24.7 inch,,31505,841,17,8 inch,7 inch,215,BW,H,,215/45R17,Highway,10,7.1,500 AA A,23.66 lbs,
73606750,40,Yokohama,Yokohama AVID H4s/V4s 225/40R18 Tire,92,RF,0 PSI,1389 lbs,8.0,AVID H4s/V4s,25.1 inch,,31506,827,18,9 inch,7.5 inch,225,BW,H,,225/40R18,Highway,11,8.4,500 AA A,23.46 lbs,
73607520,35,Toyo Tire,Toyo Tire Proxes T1-S 265/35R18 Tire,93,,0 PSI,1433 lbs,9.5,Proxes T1-S,25.31 inch,,241630,819,18,10.5 inch,9 inch,265,,W,,265/35R18,Highway,10,,280 AA A,25 lbs,
73606890,35,Kumho,Kumho Ecsta ASX KU-21 275/35R18 Tire,95,,0 PSI,1521 lbs,9.5,Ecsta ASX KU-21,25.6 inch,,1742813,813.026,18,11 inch,9 inch,275,BSW,W,,275/35R18,,10,,420 AA A,29.7 lbs,
73607560,40,Toyo Tire,Toyo Tire Proxes T1-S 235/40R18 Tire,95,,0 PSI,1521 lbs,8.5,Proxes T1-S,25.39 inch,,241770,818,18,9.5 inch,8 inch,235,,W,,235/40R18,Highway,10,,280 AA A,23 lbs,
73607860,75,Toyo Tire,Toyo Tire 800 Ultra Touring 215/75R15 Tire,100,,0 PSI,1742 lbs,6,800 Ultra Touring,27.7 inch,P,234740,748,15,7 inch,5.5 inch,215,WW,T,,215/75R15,Highway,12,,700 A B,26 lbs,
73607150,45,Kumho,Kumho Ecsta STX KL-12 305/45R20 Tire,116,,0 PSI,2756 lbs,10,Ecsta STX KL-12,30.8 inch,,1649013,676,20,11.5 inch,9.5 inch,305,BSW,V,,305/45R20,,11,,420 A A,45.3 lbs,
73607510,40,Toyo Tire,Toyo Tire Proxes T1-S 205/40R17 Tire,84,,0 PSI,1102 lbs,7.5,Proxes T1-S,23.46 inch,,241700,884,17,8 inch,7 inch,205,,W,,205/40R17,Highway,10,,280 AA A,18.5 lbs,
73607900,35,Toyo Tire,Toyo Tire Versado LX 275/35R18 Tire,95,,,,9.5,Versado LX,25.6 inch,,111110,,18,11 inch,9 inch,275,B/TL,V,,275/35R18,Highway,,,400 AA A,29 lbs,
73607660,55,Toyo Tire,Toyo Tire Proxes T1R 245/55R16 Tire,100,,0 PSI,1764 lbs,7.5,Proxes T1R,26.4 inch,,246120,786,16,8.5 inch,7 inch,245,B/TL,W,,245/55R16,Highway,11,,280 AA A,25 lbs,
73606490,60,Toyo Tire,Toyo Tire Spectrum 195/60R14 Tire,85,,0 PSI,1135 lbs,6,Spectrum,23.2 inch,P,143510,890,14,7 inch,5.5 inch,195,B,T,,195/60R14,Highway,12,,580 A B,18 lbs,
73607310,75,Toyo Tire,Toyo Tire M410 205/75R15 Tire,97,,0 PSI,1598 lbs,5.5,M410,27.13 inch,P,132540,779,15,7 inch,5 inch,205,OWL,S,,205/75R15,Highway,12,,380 A B,25 lbs,
73607140,45,Kumho,Kumho Ecsta STX KL-12 275/45R20 Tire,106,,0 PSI,2094.36 lbs,9,Ecsta STX KL-12,29.8 inch,,1851913,683.373,20,10.5 inch,8.5 inch,275,,W,,275/45R20,,12,,420 A A,36.06 lbs,
73607750,75,Toyo Tire,Toyo Tire Observe X10 225/75R16 Tire,106,XL,0 PSI,2094 lbs,,Observe X10,29.29 inch,P,146520,703,16,7.5 inch,6 inch,225,B/TL,Q,,225/75R16,,14,,,31 lbs,
73607930,50,Toyo Tire,Toyo Tire U1 245/50R16 Tire,,,0 PSI,818 lbs,7,U1,25.7 inch,P,236940,1576,16,9.5 inch,6.5 inch,245,B/TL,,,245/50R16,,10,,180 A  A,29 lbs,
73607460,40,Toyo Tire,Toyo Tire Proxes T1-S 265/40R17 Tire,96,,0 PSI,1565 lbs,9.5,Proxes T1-S,25.35 inch,,241750,819,17,10.5 inch,9 inch,265,,Y,,265/40R17,Highway,10,,280 AA A,26 lbs,
73607540,50,Toyo Tire,Toyo Tire Proxes T1-S 195/50R15 Tire,82,,0 PSI,1047 lbs,6,Proxes T1-S,22.72 inch,,241930,914,15,7 inch,5.5 inch,195,,V,,195/50R15,Highway,10,,280 AA A,17.4 lbs,
73606430,55,Yokohama,Yokohama AVID H4s/V4s 235/55R17 Tire,99,SL,0 PSI,1709 lbs,7.5,AVID H4s/V4s,27.2 inch,,31562,762,17,8.5 inch,6.5 inch,235,BW,H,,235/55R17,Highway,10,,500 AA A,28.48 lbs,
73606760,45,Yokohama,Yokohama AVID H4s/V4s 245/45R17 Tire,95,SL,0 PSI,1521 lbs,8.0,AVID H4s/V4s,26.1 inch,P,31532,796,17,9 inch,7.5 inch,245,BW,H,,245/45R17,Highway,11,8.5,500 AA A,26.5 lbs,
73607390,60,GT Radial,GT Radial Wingro 60 225/60R16 Tire,98,,,1653 lbs,,Wingro 60,,,CWI6064,,16,8 inch,6 inch,225,,H,,225/60R16,,,,,,
73607620,50,Toyo Tire,Toyo Tire Proxes R1R 205/50R15 Tire,86,,0 PSI,1168 lbs,6.5,Proxes R1R,23 inch,,170030,903,15,7.5 inch,5.5 inch,205,,V,,205/50R15,Highway,8,,140 AA A,20 lbs,
73607250,55,GT Radial,GT Radial Champiro 328 205/55R15 Tire,88,,,1234 lbs,,Champiro 328,23.9 inch,,CCHP5530,,15,7.5 inch,5.5 inch,205,,H,,205/55R15,,10,,,22.07 lbs,
73607490,45,Toyo Tire,Toyo Tire Proxes T1-S 205/45R16 Tire,87,,0 PSI,1201 lbs,7,Proxes T1-S,23.23 inch,,241830,896,16,7.5 inch,6.5 inch,205,,W,,205/45R16,Highway,10,,280 AA A,18.1 lbs,
73606410,50,Yokohama,Yokohama AVID H4s/V4s 215/50R17 Tire,93,SL,0 PSI,1433 lbs,7,AVID H4s/V4s,25.7 inch,P,30934,809,17,7.5 inch,6 inch,215,BSW,V,,215/50R17,Highway,10,,,,
73606740,45,Yokohama,Yokohama AVS ES100 215/45R17 Tire,87,SL,0 PSI,1201 lbs,7,AVS ES100,24.6 inch,,10056,843,17,8 inch,7 inch,215,BW,W,,215/45R17,Highway,10,8.3,280 AA A,,
73607060,75,Star,Star Trail Buster Radial APR 265/75R16 Tire,114,SL,0 PSI,2364 lbs,,Trail Buster Radial APR,31.6 inch,P,356979261,660,16,9 inch,7 inch,265,OWL,S,,265/75R16,,12,,480 A B,39.1 lbs,
73607180,70,Sumitomo Rubber,Sumitomo Rubber HTR Sport A/T 255/70R16 Tire,,,0 PSI,2271 lbs,7.5,HTR Sport A/T,30 inch,P,5521360,703,16,8.5 inch,6.5 inch,255,,,,255/70R16,,13,,,37 lbs,
73607640,30,Toyo Tire,Toyo Tire Proxes T1R 265/30R19 Tire,93,,,,9.5,Proxes T1R,25.4 inch,,246400,,19,10 inch,9 inch,265,B/TL,Y,,265/30R19,Highway,,,280 AA A,26 lbs,
73607850,70,Toyo Tire,Toyo Tire 800 Ultra Touring 195/70R14 Tire,90,,0 PSI,1312 lbs,6,800 Ultra Touring,24.8 inch,P,234880,835,14,6.5 inch,5 inch,195,BLK,T,,195/70R14,Highway,12,,700 A B,19 lbs,
73607320,70,Toyo Tire,Toyo Tire A11 215/70R16 Tire,99,,0 PSI,1709 lbs,,A11,27.8 inch,,144420,751,16,7 inch,6 inch,215,B/TL,S,,215/70R16,,10,,300 B B,22 lbs,
73607430,70,Toyo Tire,Toyo Tire TRANPATH S/U 255/70R16 Tire,109,,0 PSI,2271 lbs,7.5,TRANPATH S/U,30.1 inch,P,348950,691,16,8.5 inch,6.5 inch,255,B/TL,S,,255/70R16,,12,,460 A B,36 lbs,
73606690,70,Michelin,Michelin LTX M/S 235/70R16 Tire,107,XL,0 PSI,1954 lbs,,LTX M/S,29.1 inch,P,66991,717,16,8 inch,6 inch,235,ORBL,S,,235/70R16,Highway,13,,,,
73606580,70,Discount,Discount PFD Trail AP 225/70R15 Tire,100,,0 PSI,1753 lbs,0.00,PFD Trail AP,0 inch,P,366124025,0,15,0 inch,0 inch,225,,S,,225/70R15,,10,,400 B C,26.55 lbs,
73607330,70,Toyo Tire,Toyo Tire M410 265/70R16 Tire,112,,0 PSI,2469 lbs,8,M410,30.63 inch,,306650,680,16,9 inch,7 inch,265,OWL/TL,S,,265/70R16,Highway,14,,,38 lbs,
73607840,70,Toyo Tire,Toyo Tire 800 Ultra Touring 185/70R14 Tire,87,,0 PSI,1201 lbs,5.5,800 Ultra Touring,24.3 inch,P,234870,854,14,6 inch,4.5 inch,185,BLK,T,,185/70R14,Highway,11,,700 A B,17 lbs,
73607070,70,Star,Star Trail Buster Radial APR 245/70R16 Tire,106,SL,0 PSI,1904 lbs,7.00,Trail Buster Radial APR,29.5 inch,P,356977261,707,16,8 inch,6.5 inch,245,OWL,S,,245/70R16,,13,,480 A B,35.6 lbs,
73607240,70,GT Radial,GT Radial Maxtour 70 225/70R16 Tire,102,,,1874 lbs,,Maxtour 70,,,CMAX7086,,16,7.5 inch,6 inch,225,,T,,225/70R16,,,,,,
73606680,70,Michelin,Michelin LTX M/S 245/70R16 Tire,107,,,,,LTX M/S,,,01118,,16,8 inch,6.5 inch,245,,S,,245/70R16,Highway,,,,,
73607210,70,GT Radial,GT Radial Maxtour 70 235/70R16 Tire,106,,,2094 lbs,,Maxtour 70,,,CMAX7090,,16,8 inch,6 inch,235,,T,,235/70R16,,,,,,
73607720,70,Toyo Tire,Toyo Tire A01 175/70R13 Tire,82,,0 PSI,1086 lbs,5,A01,22.8 inch,P,111040,927,13,6 inch,4.5 inch,175,B/TL,S,,175/70R13,,10,,200 A A,16 lbs,
73607420,70,Toyo Tire,Toyo Tire TRANPATH S/U 245/70R16 Tire,107,,0 PSI,2149 lbs,7,TRANPATH S/U,29.5 inch,,348940,704,16,8 inch,6.5 inch,245,B/TL,S,,245/70R16,,12,,460 A B,34 lbs,
73607440,70,GT Radial,GT Radial Wingro 70 205/70R15 Tire,96,,,1565 lbs,,Wingro 70,,,CWI7068,,15,7 inch,5 inch,205,WW,H,,205/70R15,,,,,,
73609630,55,Yokohama,Yokohama AVS Sport 225/55R16 Tire,95,SL,0 PSI,1521 lbs,7,AVS Sport,25.7 inch,,10216,808,16,8 inch,6 inch,225,BW,W,,225/55R16,Highway,10,7.9,220 AA A,,
73608810,75,Mickey Thompson,Mickey Thompson Baja MTZ Radial Traditional 265/75R16 Tire,123,,0 PSI,3415 lbs,7.5,Baja MTZ Radial Traditional,32 inch,LT,5262,655,16,8 inch,7 inch,265,,Q,,265/75R16,,18.5,8.3,,53 lbs,
73608160,55,Toyo Tire,Toyo Tire Snowprox S952 215/55R17 Tire,98,,,,7,Snowprox S952,26.4 inch,,142520,,17,7.5 inch,6 inch,215,,V,,215/55R17,,,,,25 lbs,
73609550,60,Yokohama,Yokohama AS430 215/60R15 Tire,93,,,1411 lbs,6.5,AS430,,,31405,,15,7.5 inch,6 inch,215,BW,H,,215/60R15,,,,,,
73609270,40,Falken,Falken ZIEX ZE-512 275/40R17 Tire,98,,,1433 lbs,9.5,ZIEX ZE-512,25.7 inch,,28333798,812,17,10 inch,8.5 inch,275,,W,,275/40R17,,,9.4,360 A A,30.7 lbs,
73609200,60,Falken,Falken ZE-329 215/60R15 Tire,94,,,1477 lbs,6.5,ZE-329,25.3 inch,,28321522,822,15,7.5 inch,6 inch,215,,H,,215/60R15,,,6.7,480 A A,21.6 lbs,
73608170,50,Toyo Tire,Toyo Tire Snowprox S952 205/50R17 Tire,93,,0 PSI,1433 lbs,6.5,Snowprox S952,25.3 inch,,142570,822,17,7.5 inch,5.5 inch,205,,V,,205/50R17,,11,,,22 lbs,
73609470,55,Falken,Falken ZIEX S/TZ-04 255/55R18 Tire,109,,0 PSI,2271 lbs,8,ZIEX S/TZ-04,29 inch,,28261845,730,18,9 inch,7 inch,255,,H,,255/55R18,,14,8.7,460 A B,48.5 lbs,
73609430,65,Falken,Falken Ziex ZE-912 195/65R14 Tire,89,,,,,Ziex ZE-912,,,28921444,,14,7 inch,5.5 inch,195,,H,,195/65R14,,,,,,
73608730,65,Toyo Tire,Toyo Tire Open Country AT 275/65R18 Tire,123,E,,,8,Open Country AT,32 inch,,300680,,18,9.5 inch,7.5 inch,275,OWL,S,,275/65R18,Off Road,,,500 A B,53 lbs,
73609120,40,Falken,Falken FK-452 235/40R17 Tire,90,,0 PSI,1323 lbs,8.5,FK-452,24.4 inch,,28195702,851,17,9.5 inch,8 inch,235,,Y,,235/40R17,,10,8.2,300 AA A,23.76 lbs,
73608250,40,Toyo Tire,Toyo Tire Proxes 4 255/40R18 Tire,99,,,,9,Proxes 4,26.1 inch,,197990,,18,10 inch,8.5 inch,255,,W,,255/40R18,Highway,,,300 AA A,25 lbs,
73609000,45,Falken,Falken FK-451 245/45R16 Tire,94,,0 PSI,1477 lbs,8,FK-451,24.6 inch,,28183694,852,16,9 inch,7.5 inch,245,,Y,,245/45R16,,10,8.7,280 AA A,24.9 lbs,
73609420,55,Yokohama,Yokohama Geolandar H/T G046 195/55R15 Tire,84,SL,,,,Geolandar H/T G046,,,4601,,15,7 inch,5.5 inch,195,BW,V,,195/55R15,,,,,,
73607990,55,Toyo Tire,Toyo Tire Open Country H/T 255/55R18 Tire,109,,0 PSI,2271 lbs,8,Open Country H/T,29.1 inch,,362570,715,18,9 inch,7 inch,255,B/TL,V,,255/55R18,,12,,,36 lbs,
73609460,40,Falken,Falken ZIEX S/TZ-04 305/40R22 Tire,114,,,2601 lbs,11,ZIEX S/TZ-04,31.6 inch,,28261220,658,22,12 inch,10 inch,305,,H,,305/40R22,,,10.9,460 A B,44.8 lbs,
73609050,40,Falken,Falken FK-451 235/40R17 Tire,90,,0 PSI,1323 lbs,8.5,FK-451,24.4 inch,,28183793,863,17,9.5 inch,8 inch,235,,Y,,235/40R17,,10,8.3,280 AA A,24.9 lbs,
73608030,40,Toyo Tire,Toyo Tire T1 Plus 245/40R18 Tire,93,,0 PSI,1433 lbs,8.5,T1 Plus,25.8 inch,,240420,807,18,9.5 inch,8 inch,245,,W,,245/40R18,,11,,200 AA A,29 lbs,
73609110,40,Falken,Falken FK-452 205/40R17 Tire,84,,0 PSI,1102 lbs,7.5,FK-452,23.5 inch,,28195707,884,17,8 inch,7 inch,205,,Z,,205/40R17,,10,7.2,300 AA A,20.24 lbs,
73608140,40,Toyo Tire,Toyo Tire Snowprox S952 245/40R18 Tire,97,,0 PSI,1609 lbs,8.5,Snowprox S952,25.9 inch,,142550,802,18,9.5 inch,8 inch,245,,V,,245/40R18,,12,,,24 lbs,
73609540,60,Yokohama,Yokohama AS430 225/60R15 Tire,95,,,1521 lbs,6.5,AS430,,,31435,,15,8 inch,6 inch,225,BW,H,,225/60R15,,,,,,
73609190,65,Falken,Falken ZE-329 205/65R15 Tire,94,,,1477 lbs,6,ZE-329,25.3 inch,,28322521,820,15,7.5 inch,5.5 inch,205,,V,,205/65R15,,,6.7,480 A A,21.4 lbs,
73608700,50,Toyo Tire,Toyo Tire Proxes S/T 285/50R20 Tire,116,,0 PSI,2756 lbs,9,Proxes S/T,31.1 inch,,242710,669,20,10 inch,8 inch,285,B/TL,V,,285/50R20,Highway,11,,420 A A,42 lbs,
73609260,40,Falken,Falken ZIEX ZE-512 255/40R17 Tire,94,,,1477 lbs,9,ZIEX ZE-512,25.2 inch,,28333796,829,17,10 inch,8.5 inch,255,,W,,255/40R17,,,8.8,360 A A,23.1 lbs,
73609080,25,Falken,Falken FK-452 285/25R20 Tire,93,,0 PSI,1433 lbs,10.5,FK-452,25.6 inch,,28195012,,20,10.5 inch,10.5 inch,285,,Y,,285/25R20,,10,10.9,300 AA A,51.1 lbs,
73608120,60,Toyo Tire,Toyo Tire Proxes H4 225/60R15 Tire,95,,0 PSI,1521 lbs,6.5,Proxes H4,25.63 inch,P,188920,811,15,8 inch,6 inch,225,,V,,225/60R15,,11,,400 A A,24 lbs,
73609500,40,Falken,Falken Azenis ST-115 235/40R18 Tire,95,,0 PSI,1521 lbs,8.5,Azenis ST-115,25.3 inch,,28343893,821,18,9.5 inch,8 inch,235,,Z,,235/40R18,,10,8.3,360 A A,25.9 lbs,
73609650,35,Yokohama,Yokohama AVS Sport 225/35R18 Tire,83,SL,0 PSI,1074 lbs,8,AVS Sport,24.2 inch,,10243,858,18,9 inch,7.5 inch,225,BW,W,,225/35R18,Highway,10,7.7,180 AA A,,
73608520,75,Toyo Tire,Toyo Tire Observe Open Country G-02 Plus 225/75R16 Tire,115,,0 PSI,2680 lbs,,Observe Open Country G-02 Plus,29.3 inch,LT,179770,710,16,7 inch,6 inch,225,B/TL,Q,,225/75R16,,15,,,37 lbs,
73609570,40,Yokohama,Yokohama AVID W4s 215/40R18 Tire,89,RF,0 PSI,1279 lbs,7.5,AVID W4s,24.7 inch,,31573,840,18,8.5 inch,7 inch,215,BW,W,,215/40R18,Highway,10,,400 AA A,23.72 lbs,
73609370,50,Falken,Falken ZIEX ZE-502 225/50R16 Tire,92,,,,,ZIEX ZE-502,,,28152672,,16,8 inch,6 inch,225,BSW,H,,225/50R16,,,,,,
73608430,45,Toyo Tire,Toyo Tire Proxes ST II 265/45R20 Tire,108,,,,9,Proxes ST II,29.4 inch,,244280,,20,10 inch,8.5 inch,265,,V,,265/45R20,Highway,,,,38 lbs,
73608550,45,Toyo Tire,Toyo Tire Observe Open Country G-02 Plus 285/45R19 Tire,107,,,,9.5,Observe Open Country G-02 Plus,29.1 inch,,180000,,19,10.5 inch,9 inch,285,B/TL,H,,285/45R19,,,,,36 lbs,
73609290,45,Falken,Falken ZIEX ZE-512 255/45R17 Tire,102,,,1874 lbs,8.5,ZIEX ZE-512,26.1 inch,,28333786,805,17,9.5 inch,8 inch,255,,Y,,255/45R17,,,8.8,360 A A,27.4 lbs,
73609490,40,Falken,Falken Azenis ST-115 245/40R20 Tire,99,,0 PSI,1709 lbs,8.5,Azenis ST-115,27.7 inch,,28343002,745,20,9.5 inch,8 inch,245,,Z,,245/40R20,,10,8.8,360 A A,30 lbs,
73608370,75,Toyo Tire,Toyo Tire Open Country AT 245/75R16 Tire,109,,,,7,Open Country AT,30.5 inch,,300020,,16,8 inch,6.5 inch,245,OWL/TL,S,,245/75R16,Off Road,,,500 A B,39 lbs,
73609250,65,Falken,Falken ZIEX ZE-512 185/65R14 Tire,86,,0 PSI,1168 lbs,5.5,ZIEX ZE-512,23.6 inch,,28331443,891,14,6.5 inch,5 inch,185,,H,,185/65R14,,10,6.1,420 A A,17.1 lbs,
73609040,40,Falken,Falken FK-452 245/40R19 Tire,98,,0 PSI,1653 lbs,8.5,FK-452,26.7 inch,,28195911,777,19,9.5 inch,8 inch,245,,Y,,245/40R19,,10,8.5,300 AA A,25.3 lbs,
73609100,35,Falken,Falken FK-452 255/35R18 Tire,94,,0 PSI,1477 lbs,9,FK-452,25 inch,,28195801,832,18,10 inch,8.5 inch,255,,Y,,255/35R18,,10,9.1,300 AA A,25.08 lbs,
73608150,50,Toyo Tire,Toyo Tire Snowprox S952 205/50R15 Tire,86,,,,6.5,Snowprox S952,23.1 inch,,142320,,15,7.5 inch,5.5 inch,205,B/TL,H,,205/50R15,,,,,21 lbs,
73607980,50,Toyo Tire,Toyo Tire Open Country H/T 265/50R20 Tire,111,,,,8.5,Open Country H/T,30.4 inch,,362690,,20,9.5 inch,7.5 inch,265,B/TL,V,,265/50R20,,,,,40 lbs,
73609320,75,Falken,Falken Landair H/T 265/75R16 Tire,,C,,2470 lbs,7.5,Landair H/T,31.7 inch,,28364502,683,16,8 inch,7 inch,265,,,,265/75R16,,,7.6,,40.6 lbs,
73608300,45,Toyo Tire,Toyo Tire Proxes 4 225/45R17 Tire,94,,,,7.5,Proxes 4,25.1 inch,,197160,,17,8.5 inch,7 inch,225,B/TL,W,,225/45R17,Highway,,,300 AA A,24 lbs,
73609160,75,Falken,Falken Radial A/P 245/75R16 Tire,,E,0 PSI,3042 lbs,7,Radial A/P,30.6 inch,,28374494,698,16,7 inch,6.5 inch,245,,,,245/75R16,,16,7.1,,,
73608340,75,Toyo Tire,Toyo Tire Open Country H/T 225/75R16 Tire,112,E,0 PSI,2680 lbs,,Open Country H/T,29.3 inch,LT,362220,710,16,7 inch,6 inch,225,B/TL,S,,225/75R16,,14,,,39 lbs,
73609580,35,Yokohama,Yokohama AVID W4s 245/35R20 Tire,95,RF,0 PSI,1521 lbs,8.5,AVID W4s,26.8 inch,,31585,776,20,9.5 inch,8 inch,245,BW,W,,245/35R20,Highway,11,,400 AA A,26.9 lbs,
73608270,55,Toyo Tire,Toyo Tire Proxes 4 205/55R15 Tire,88,,,,6.5,Proxes 4,23.9 inch,,197320,,15,7.5 inch,5.5 inch,205,B/TL,V,,205/55R15,Highway,,,300 AA A,20 lbs,
73609300,60,Falken,Falken ZIEX ZE-512 195/60R14 Tire,86,,0 PSI,1168 lbs,6,ZIEX ZE-512,23.2 inch,,28331452,904,14,7 inch,5.5 inch,195,,H,,195/60R14,,10,6.1,420 A A,17.6 lbs,
73609030,40,Falken,Falken FK-451 255/40R19 Tire,96,,0 PSI,1565 lbs,9,FK-451,27.1 inch,,28183996,768,19,10 inch,8.5 inch,255,,Y,,255/40R19,,10,9.1,280 AA A,28.4 lbs,
73609400,35,Yokohama,Yokohama ADVAN Sport 275/35R20 Tire,,RF,0 PSI,2039 lbs,9.5,ADVAN Sport,27.6 inch,,10326,754,20,11 inch,9 inch,275,BW,R,,275/35R20,Highway,10,,180 AA A,30 lbs,
73609600,45,Yokohama,Yokohama AVID W4s 235/45R18 Tire,94,SL,0 PSI,1477 lbs,8.0,AVID W4s,26.3 inch,,31587,791,18,9 inch,7.5 inch,235,BW,W,,235/45R18,Highway,10,,400 AA A,27.05 lbs,
73608750,50,Toyo Tire,Toyo Tire Open Country AT 305/50R20 Tire,120,,0 PSI,3086 lbs,9.5,Open Country AT,31.9 inch,,300300,651,20,11 inch,8.5 inch,305,OWL/TL,T,,305/50R20,Off Road,14,,500 A B,46 lbs,
73608640,40,Toyo Tire,Toyo Tire Proxes S/T 275/40R20 Tire,106,,0 PSI,2094 lbs,9.5,Proxes S/T,28.6 inch,,242740,727,20,11 inch,9 inch,275,B/TL,W,,275/40R20,Highway,11,,420 A A,34 lbs,
73609660,40,Yokohama,Yokohama Parada Spec-2 215/40R17 Tire,83,SL,0 PSI,1074 lbs,7.5,Parada Spec-2,23.9 inch,,01215,869,17,8.5 inch,7 inch,215,BW,W,,215/40R17,Highway,10,8.1,300 AA A,21.71 lbs,
73607970,55,Toyo Tire,Toyo Tire Proxes TPT 225/55R17 Tire,97,,0 PSI,1609 lbs,7,Proxes TPT,26.8 inch,,187430,776,17,8 inch,6 inch,225,B/TL,T,,225/55R17,Highway,10,,400 A A,27 lbs,
73609010,40,Falken,Falken FK-451 275/40R18 Tire,99,,0 PSI,1709 lbs,9.5,FK-451,26.7 inch,,28183898,779,18,11 inch,9 inch,275,,Y,,275/40R18,,11,9.8,280 AA A,32.2 lbs,
73608180,50,Toyo Tire,Toyo Tire Snowprox S952 215/50R17 Tire,95,,0 PSI,1521 lbs,7,Snowprox S952,25.5 inch,,142470,814,17,7.5 inch,6 inch,215,,V,,215/50R17,,11,,,23 lbs,
73609230,60,Falken,Falken ZIEX ZE-512 235/60R16 Tire,100,,0 PSI,1764 lbs,7,ZIEX ZE-512,27 inch,,28331655,773,16,8.5 inch,6.5 inch,235,,H,,235/60R16,,10,7.7,420 A A,28.3 lbs,
73609620,45,Yokohama,Yokohama AVS Sport 235/45R17 Tire,93,SL,0 PSI,1433 lbs,8,AVS Sport,25.2 inch,,10219,824,17,9 inch,7.5 inch,235,BW,W,,235/45R17,Highway,10,8.3,180 AA A,,
73609070,40,Falken,Falken FK-452 255/40R19 Tire,100,,0 PSI,1764 lbs,9,FK-452,27.1 inch,,28195907,766,19,10 inch,8.5 inch,255,,Y,,255/40R19,,10,8.9,300 AA A,28.38 lbs,
73609090,35,Falken,Falken FK-452 285/35R19 Tire,99,,0 PSI,1709 lbs,10,FK-452,26.9 inch,,28195912,780,19,11 inch,9.5 inch,285,,Y,,285/35R19,,10,10.3,300 AA A,30.1 lbs,
73609610,35,Yokohama,Yokohama AVS Sport 285/35R18 Tire,97,SL,0 PSI,1609 lbs,10,AVS Sport,25.9 inch,,10236,803,18,11 inch,9.5 inch,285,BW,Y,,285/35R18,Highway,10,10.2,180 AA A,,
73608130,65,Toyo Tire,Toyo Tire Proxes A18 195/65R15 Tire,89,,0 PSI,1279 lbs,6,Proxes A18,24.88 inch,P,154610,835,15,7 inch,5.5 inch,195,B/TL,H,,195/65R15,Highway,10,,300 A A,19 lbs,
73608480,75,Toyo Tire,Toyo Tire M55 265/75R16 Tire,120,E,0 PSI,3415 lbs,7.5,M55,31.9 inch,LT,309430,651,16,8 inch,7 inch,265,B/TL,N,,265/75R16,Commercial,18,,,54 lbs,
73609510,40,Falken,Falken Azenis RT-615 245/40R18 Tire,97,,,1609 lbs,8.5,Azenis RT-615,25.6 inch,,28352843,803,18,9.5 inch,8 inch,245,,W,,245/40R18,,,9.1,200 A A,26.5 lbs,
73608320,45,Toyo Tire,Toyo Tire Open Country H/T 285/45R22 Tire,114,,,,9.5,Open Country H/T,32 inch,,362720,,22,10.5 inch,9 inch,285,B/TL,H,,285/45R22,,,,,65 lbs,
73609640,40,Yokohama,Yokohama AVS Sport 255/40R17 Tire,94,SL,0 PSI,1477 lbs,9,AVS Sport,24.9 inch,,10227,833,17,10 inch,8.5 inch,255,BW,W,,255/40R17,Highway,10,8.7,180 AA A,,
73609530,45,Falken,Falken Azenis RT-615 215/45R17 Tire,87,,,1201 lbs,7,Azenis RT-615,24.7 inch,,28352748,871,17,8 inch,7 inch,215,,W,,215/45R17,,,8,200 A A,22.9 lbs,
73608060,65,Toyo Tire,Toyo Tire T1 Plus 215/65R16 Tire,98,,0 PSI,1653 lbs,6.5,T1 Plus,26.6 inch,,191060,781,16,8 inch,6 inch,215,,W,,215/65R16,,11,,240 A  A,26 lbs,
73608380,75,Toyo Tire,Toyo Tire Open Country AT 245/75R17 Tire,120,E,,,7,Open Country AT,31.5 inch,,300670,,17,8 inch,6.5 inch,245,OWL,S,,245/75R17,Off Road,,,500 A B,53 lbs,
73609440,50,Falken,Falken Ziex ZE-912 235/50R17 Tire,96,,,,,Ziex ZE-912,,,28923773,,17,8.5 inch,6.5 inch,235,,W,,235/50R17,,,,,,
73609280,60,Falken,Falken ZIEX ZE-512 215/60R15 Tire,94,,0 PSI,1477 lbs,6.5,ZIEX ZE-512,25 inch,,28331553,837,15,7.5 inch,6 inch,215,,H,,215/60R15,,10,6.7,420 A A,21.3 lbs,
73609590,35,Yokohama,Yokohama AVID W4s 225/35R20 Tire,90,RF,0 PSI,1323 lbs,8.0,AVID W4s,26.3 inch,,31584,791,20,9.5 inch,8 inch,225,BW,W,,225/35R20,Highway,11,,400 AA A,24.1 lbs,
73607960,65,Toyo Tire,Toyo Tire Proxes TPT 205/65R15 Tire,94,,0 PSI,1477 lbs,6,Proxes TPT,25.5 inch,,187640,822,15,7.5 inch,5.5 inch,205,B/TL,H,,205/65R15,Highway,10,,400 A A,19 lbs,
73608290,45,Toyo Tire,Toyo Tire Proxes 4 245/45R17 Tire,99,,,,8,Proxes 4,25.7 inch,,197180,,17,9 inch,7.5 inch,245,B/TL,W,,245/45R17,Highway,,,300 AA A,27 lbs,
73608420,40,Toyo Tire,Toyo Tire Proxes ST II 265/40R22 Tire,106,,,,9.5,Proxes ST II,30.3 inch,,244390,,22,10.5 inch,9 inch,265,,V,,265/40R22,Highway,,,,38 lbs,
73608490,75,Toyo Tire,Toyo Tire M55 245/75R16 Tire,116,E,0 PSI,3042 lbs,7,M55,30.7 inch,LT,309420,675,16,8 inch,6.5 inch,245,B/TL,N,,245/75R16,Commercial,17,,,46 lbs,
73608360,75,Toyo Tire,Toyo Tire Open Country AT 265/75R16 Tire,120,E,0 PSI,3415 lbs,7.5,Open Country AT,31.7 inch,LT,301110,659,16,8 inch,7 inch,265,OWL/TL,Q,,265/75R16,Off Road,16,,500 A B,49 lbs,
73608190,40,Toyo Tire,Toyo Tire Snowprox S952 255/40R17 Tire,98,,,,9,Snowprox S952,25.1 inch,,142210,,17,10 inch,8.5 inch,255,B/TL,V,,255/40R17,,,,,28 lbs,
73609240,65,Falken,Falken ZIEX ZE-512 215/65R15 Tire,96,,0 PSI,1565 lbs,6.5,ZIEX ZE-512,26 inch,,28331545,803,15,7.5 inch,6 inch,215,,H,,215/65R15,,10,7,420 A A,23.2 lbs,
73608440,50,Toyo Tire,Toyo Tire Proxes ST II 265/50R20 Tire,111,,,,8.5,Proxes ST II,30.4 inch,,244240,,20,9.5 inch,7.5 inch,265,,V,,265/50R20,Highway,,,,40 lbs,
73608650,35,Toyo Tire,Toyo Tire Proxes S/T 285/35R22 Tire,106,,0 PSI,2094 lbs,10,Proxes S/T,29.8 inch,,242750,697,22,11 inch,9.5 inch,285,B/TL,W,,285/35R22,Highway,11,,420 A A,37 lbs,
73609210,40,Falken,Falken ZE-329 205/40R17 Tire,84,,,1102 lbs,7.5,ZE-329,23.4 inch,,28324705,894,17,8 inch,7 inch,205,,W,,205/40R17,,,6.9,440 A A,17.6 lbs,
73608040,60,Toyo Tire,Toyo Tire 800 Plus 195/60R14 Tire,85,,0 PSI,1135 lbs,6,800 Plus,23.27 inch,P,233630,892,14,7.5 inch,5 inch,195,B/TL,S,,195/60R14,,11,,520 A B,18 lbs,
73609170,75,Falken,Falken Radial A/P 245/75R16 Tire,,C,0 PSI,2205 lbs,7,Radial A/P,30.6 inch,,28374492,699,16,7 inch,6.5 inch,245,,,,245/75R16,,16,7.1,,,
73608280,50,Toyo Tire,Toyo Tire Proxes 4 235/50R18 Tire,101,,,,7.5,Proxes 4,27.2 inch,,197430,,18,8.5 inch,6.5 inch,235,B/TL,W,,235/50R18,Highway,,,300 AA A,28 lbs,
73609310,55,Falken,Falken ZIEX ZE-512 195/55R15 Tire,85,,,1135 lbs,6,ZIEX ZE-512,23.5 inch,,28332561,886,15,7 inch,5.5 inch,195,,V,,195/55R15,,,6.9,360 A A,19.2 lbs,
73608690,70,Toyo Tire,Toyo Tire Proxes S/T 275/70R16 Tire,114,,0 PSI,2601 lbs,8,Proxes S/T,31.2 inch,,242190,664,16,9 inch,7 inch,275,B/TL,H,,275/70R16,Highway,11,,420 A A,38 lbs,
73609520,30,Falken,Falken Azenis RT-615 315/30R18 Tire,98,,,1653 lbs,11,Azenis RT-615,25.6 inch,,28352848,813,18,11.5 inch,10.5 inch,315,,W,,315/30R18,,,11.7,200 A A,31.9 lbs,
73608540,70,Toyo Tire,Toyo Tire Observe Open Country G-02 Plus 225/70R16 Tire,102,,,,6.5,Observe Open Country G-02 Plus,28.5 inch,,179620,,16,7.5 inch,6 inch,225,B/TL,Q,,225/70R16,,,,,31 lbs,
73609390,30,Yokohama,Yokohama ADVAN Sport 295/30R21 Tire,102,RF,0 PSI,1874 lbs,10.5,ADVAN Sport,28.1 inch,,10164,740,21,11 inch,10 inch,295,BW,Y,,295/30R21,Highway,10,,180 AA A,31.52 lbs,
73609020,30,Falken,Falken FK-451 275/30R19 Tire,96,,0 PSI,1565 lbs,9.5,FK-451,25.7 inch,,28183977,812,19,11 inch,9.5 inch,275,,Y,,275/30R19,,11,9.4,280 AA A,27.1 lbs,
73608500,70,Toyo Tire,Toyo Tire A-14 215/70R16 Tire,99,,0 PSI,1709 lbs,6.5,A-14,27.9 inch,,120920,749,16,7 inch,5.5 inch,215,B/TL,S,,215/70R16,,10,,300 B B,23 lbs,
73609410,30,Yokohama,Yokohama ADVAN Sport 265/30R19 Tire,93,RF,0 PSI,1433 lbs,9.5,ADVAN Sport,25.4 inch,,10141,819,19,10 inch,9 inch,265,BW,Y,,265/30R19,Highway,10,9.6,180 AA A,25.13 lbs,
73608010,70,Toyo Tire,Toyo Tire Tourevo LS 215/70R15 Tire,98,,0 PSI,1653 lbs,6.5,Tourevo LS,26.9 inch,,107010,774,15,7 inch,5.5 inch,215,B/TL,T,,215/70R15,,12,,700 A B,24 lbs,
73608530,70,Toyo Tire,Toyo Tire Observe Open Country G-02 Plus 245/70R16 Tire,107,,,,7,Observe Open Country G-02 Plus,29.4 inch,,179640,,16,8 inch,6.5 inch,245,B/TL,Q,,245/70R16,,,,,35 lbs,
73609480,70,Falken,Falken ZIEX S/TZ-04 255/70R16 Tire,109,,,2271 lbs,7.5,ZIEX S/TZ-04,30.2 inch,,28264605,733,16,8.5 inch,6.5 inch,255,,S,,255/70R16,,,7.4,500 A B,35.7 lbs,
73608000,70,Toyo Tire,Toyo Tire Open Country H/T 235/70R15 Tire,102,,,,7,Open Country H/T,28 inch,,362040,,15,8 inch,6 inch,235,OWL/TL,S,,235/70R15,,,,640 A B,28 lbs,
73608510,70,Toyo Tire,Toyo Tire Observe Open Country G-02 Plus 265/70R16 Tire,112,,,,8,Observe Open Country G-02 Plus,30.7 inch,,179660,,16,9 inch,7 inch,265,B/TL,Q,,265/70R16,,,,,37 lbs,
73608020,70,Toyo Tire,Toyo Tire Tourevo LS 205/70R15 Tire,96,,0 PSI,1565 lbs,6,Tourevo LS,26.3 inch,,107000,790,15,7 inch,5 inch,205,B/TL,T,,205/70R15,,12,,700 A B,22 lbs,
73609820,60,Yokohama,Yokohama V4S 215/60R16 Tire,94,SL,0 PSI,1477 lbs,6.5,V4S,26.2 inch,P,31560,793,16,7.5 inch,6 inch,215,BW,,,215/60R16,Highway,10,,500 AA A,23.37 lbs,
73610230,60,Yokohama,Yokohama AVID TRZ 205/60R16 Tire,91,SL,0 PSI,1356 lbs,6.0,AVID TRZ,25.8 inch,P,31609,804,16,7.5 inch,5.5 inch,205,BW,,,205/60R16,Highway,11,6.7,700 A B,24.06 lbs,
73609970,50,Yokohama,Yokohama A022A 225/50R16 Tire,91,SL,0 PSI,1355 lbs,6,A022A,23.9 inch,,02207,871,16,8 inch,6 inch,225,BSW,V,,225/50R16,Highway,10,,,,
73609710,50,Yokohama,Yokohama ADVAN Sport 205/50R17 Tire,93,SL,0 PSI,1433 lbs,6.5,ADVAN Sport,25.1 inch,,10102,828,17,7.5 inch,5.5 inch,205,BW,Y,,205/50R17,Highway,10,,180 AA A,22.53 lbs,
73610560,75,Yokohama,Yokohama Geolandar A/T-S 245/75R16 Tire,120,,0 PSI,3042 lbs,7.0,Geolandar A/T-S,30.7 inch,LT,01222,674,16,8 inch,6.5 inch,245,OWL,R,,245/75R16,Highway,16,,,47.62 lbs,
73610090,35,Yokohama,Yokohama AVS dB S2 275/35R18 Tire,95,SL,0 PSI,1521 lbs,9.5,AVS dB S2,25.6 inch,,40247,810,18,11 inch,9 inch,275,BW,W,,275/35R18,Highway,10,10.4,320 A A,,
73610620,75,Medalist,Medalist SPORT KING A/T 225/75R16 Tire,107,,0 PSI,2335 lbs,6,SPORT KING A/T,29.4 inch,LT,04278,707,16,7 inch,6 inch,225,RWL,Q,,225/75R16,Off Road,,,,,
73610170,60,Yokohama,Yokohama Avid Touring 215/60R15 Tire,93,,0 PSI,1411 lbs,6.5,Avid Touring,25.1 inch,P,31811,827,15,7.5 inch,6 inch,215,,,,215/60R15,Highway,10,,620 A B,21.12 lbs,
73611120,60,Michelin,Michelin XW4 225/60R16 Tire,97,SL,0 PSI,1609 lbs,6,XW4,,,11074,,16,9 inch,6 inch,225,,S,,225/60R16,Highway,11,,340 A B,,
73610500,75,Yokohama,Yokohama Aegis LS4 205/75R14 Tire,95,SL,0 PSI,1532 lbs,5.5,Aegis LS4,26.1 inch,P,30217,793,14,7 inch,5 inch,205,WW,S,,205/75R14,Highway,11,5.6,440 A B,20.43 lbs,
73610100,60,Yokohama,Yokohama Avid Touring 225/60R16 Tire,97,,0 PSI,1609 lbs,6.5,Avid Touring,26.6 inch,P,31818,780,16,8 inch,6 inch,225,,S,,225/60R16,Highway,10,,620 A B,24.64 lbs,
73610180,60,Yokohama,Yokohama Avid Touring 195/60R15 Tire,87,SL,0 PSI,1190 lbs,6,Avid Touring,24.3 inch,P,31021,857,15,7 inch,5.5 inch,195,BW,S,,195/60R15,Highway,11,5.9,620 A B,18.28 lbs,
73610270,65,Yokohama,Yokohama YK520 235/65R18 Tire,104,,,,,YK520,,,31739,,18,8.5 inch,6.5 inch,235,,H,,235/65R18,,,,,,
73611110,40,Michelin,Michelin 4X4 DIAMARIS 275/40R20 Tire,106,XL,,,,4X4 DIAMARIS,,,65584,,20,11 inch,9 inch,275,,Y,,275/40R20,Highway,,,220 AA A,,
73609880,45,Yokohama,Yokohama S.drive 245/45R19 Tire,102,RF,,,,S.drive,,,01079,,19,9 inch,7.5 inch,245,BW,Y,,245/45R19,Highway,,,,,
73611020,45,Michelin,Michelin Pilot Primacy 275/45R18 Tire,103,,,,9,Pilot Primacy,27.8 inch,,02403,,18,10.5 inch,8.5 inch,275,RRBL,V,,275/45R18,Highway,,,240 AA A,33 lbs,
73610450,55,Yokohama,Yokohama ADVAN ST 235/55R18 Tire,100,SL,0 PSI,1764 lbs,7.5,ADVAN ST,28.1 inch,,80207,738,18,8.5 inch,6.5 inch,235,BW,W,,235/55R18,Highway,10,8,320 AA A,31.8 lbs,
73609730,35,Yokohama,Yokohama ADVAN Sport 285/35R18 Tire,101,RF,0 PSI,1819 lbs,10.0,ADVAN Sport,25.9 inch,,10123,802,18,11 inch,9.5 inch,285,BW,Y,,285/35R18,Highway,10,10.3,180 AA A,27.56 lbs,
73610810,50,Yokohama,Yokohama ADVAN ST 275/50R20 Tire,113,RF,0 PSI,2535 lbs,8.5,ADVAN ST,30.9 inch,,80217,673,20,9.5 inch,7.5 inch,275,BW,W,,275/50R20,Highway,11,9.6,320 A A,40.8 lbs,
73610050,45,Yokohama,Yokohama ADVAN Neova 225/45R17 Tire,91,RF,0 PSI,1356 lbs,7.5,ADVAN Neova,24.9 inch,,07024,835,17,8.5 inch,7 inch,225,BW,W,,225/45R17,,10,8.5,180 AA A,24.47 lbs,
73610400,40,Yokohama,Yokohama ADVAN ST 295/40R20 Tire,106,SL,0 PSI,2094 lbs,10.5,ADVAN ST,29.4 inch,,80222,705,20,11.5 inch,10 inch,295,BW,Y,,295/40R20,Highway,10,10.9,320 AA A,40.8 lbs,
73610670,75,Medalist,Medalist ALL SEASON SR4 225/75R15 Tire,,,,,,ALL SEASON SR4,,,80663,,15,7.5 inch,6 inch,225,WSW,,,225/75R15,Highway,,,,,
73610290,65,Yokohama,Yokohama Avid T4 185/65R14 Tire,85,SL,0 PSI,1124 lbs,5.5,Avid T4,23.5 inch,P,30469,885,14,6.5 inch,5 inch,185,BW,T,,185/65R14,Highway,10,5.4,420 A B,16.36 lbs,
73610980,60,Michelin,Michelin Pilot LTX 275/60R18 Tire,111,,,,,Pilot LTX,,,81713,,18,9.5 inch,7.5 inch,275,,H,,275/60R18,Highway,,,,,
73610540,65,Yokohama,Yokohama Geolandar H/T S 255/65R16 Tire,106,SL,,,,Geolandar H/T S,,,5118,,16,9 inch,7 inch,255,RBL,S,,255/65R16,,,,,,
73609990,60,Yokohama,Yokohama Geolandar H/T 265/60R18 Tire,110,SL,0 PSI,2337 lbs,8.0,Geolandar H/T,30.7 inch,,03830,675,18,9.5 inch,7.5 inch,265,BW,,,265/60R18,Highway,11,,240 A B,39.75 lbs,
73610360,65,Yokohama,Yokohama Y376R 185/65R14 Tire,85,SL,0 PSI,1124 lbs,5.5,Y376R,23.4 inch,P,37620,888,14,6.5 inch,5 inch,185,BW,H,,185/65R14,,10,,180 A A,17.31 lbs,
73611050,40,Michelin,Michelin Pilot Primacy 275/40R19 Tire,105,XL,0 PSI,2039 lbs,9.5,Pilot Primacy,27.6 inch,,35151,755,19,11 inch,9 inch,275,RRBL,Y,,275/40R19,Highway,10,,,,
73610610,75,Medalist,Medalist MUDKING XT 265/75R16 Tire,,,,,,MUDKING XT,,,27190,,16,9 inch,7 inch,265,RWL,,,265/75R16,Off Road,,,,,
73609940,35,Yokohama,Yokohama S.drive 255/35R20 Tire,97,RF,0 PSI,1609 lbs,9.0,S.drive,27 inch,,01036,770,20,10 inch,8.5 inch,255,BW,Y,,255/35R20,Highway,10,,300 AA A,28.4 lbs,
73611000,65,Michelin,Michelin Energy LX4 215/65R16 Tire,96,SL,0 PSI,1565 lbs,6.5,Energy LX4,27 inch,P,74735,777,16,7.5 inch,6 inch,215,BSW,T,,215/65R16,,10,,500 A B,,
73609800,50,Yokohama,Yokohama Parada Spec-X 305/50R20 Tire,120,RF,0 PSI,3086 lbs,9.5,Parada Spec-X,32.2 inch,,00230,646,20,11 inch,8.5 inch,305,BW,,,305/50R20,Highway,11,10.2,420 A A,44.97 lbs,
73610160,60,Yokohama,Yokohama Avid Touring 205/60R16 Tire,91,,0 PSI,1356 lbs,6.0,Avid Touring,25.6 inch,P,31815,810,16,7.5 inch,5.5 inch,205,,,,205/60R16,Highway,10,,620 A B,21.34 lbs,
73609680,40,Yokohama,Yokohama Parada Spec-2 225/40R18 Tire,92,RF,0 PSI,1389 lbs,8.0,Parada Spec-2,25.1 inch,,01219,827,18,9 inch,7.5 inch,225,BW,W,,225/40R18,Highway,10,8.3,300 AA A,22.63 lbs,
73610760,60,Yokohama,Yokohama Avid S-T 245/60R15 Tire,100,SL,0 PSI,1753 lbs,7,Avid S-T,26.5 inch,,81003,784,15,8.5 inch,7 inch,245,OWL,T,,245/60R15,Highway,11,7.9,420 A B,,
73611100,45,Michelin,Michelin 4X4 DIAMARIS 285/45R19 Tire,107,SL,0 PSI,1953 lbs,10,4X4 DIAMARIS,29.1 inch,,40150,714,19,10.5 inch,9 inch,285,RBL,V,,285/45R19,Highway,10,,,,
73610510,75,Yokohama,Yokohama Aegis LS4 195/75R14 Tire,92,SL,0 PSI,1400 lbs,5.5,Aegis LS4,25.6 inch,P,30214,813,14,6.5 inch,5 inch,195,WW,S,,195/75R14,Highway,11,5.4,440 A B,19.22 lbs,
73609850,40,Yokohama,Yokohama S.drive 215/40R18 Tire,89,RF,0 PSI,1279 lbs,7.5,S.drive,24.7 inch,,01065,840,18,8.5 inch,7 inch,215,BW,Y,,215/40R18,Highway,10,,300 AA A,21.6 lbs,
73610790,75,Medalist,Medalist TRAIL A/P 245/75R16 Tire,116,,0 PSI,3042 lbs,7,TRAIL A/P,30.5 inch,LT,74951,682,16,8 inch,6.5 inch,245,RBL,Q,,245/75R16,Highway,,,,,
73610190,50,Yokohama,Yokohama ADVAN A10F 225/50R17 Tire,94,SL,0 PSI,1477 lbs,7.0,ADVAN A10F,25.8 inch,,93212,805,17,8 inch,6 inch,225,BW,W,,225/50R17,,10,,160 A A,25.4 lbs,
73610890,75,Medalist,Medalist ALL SEASON KING 245/75R16 Tire,,,,,,ALL SEASON KING,,,36850,,16,8 inch,6.5 inch,245,RBL,,,245/75R16,,,,,,
73610020,60,Yokohama,Yokohama A032R 185/60R14 Tire,82,SL,0 PSI,1047 lbs,5.5,A032R,23 inch,,03203,905,14,6.5 inch,5 inch,185,BW,H,,185/60R14,Competition,4,6.9,60 A A,,
73611080,45,Michelin,Michelin Pilot Primacy 225/45R17 Tire,94,XL,0 PSI,1477 lbs,7.5,Pilot Primacy,,,72717,,17,8.5 inch,7 inch,225,,W,,225/45R17,Highway,10,,220 AA A,,
73610390,35,Yokohama,Yokohama ADVAN ST 265/35R22 Tire,102,RF,0 PSI,1874 lbs,9.5,ADVAN ST,29.4 inch,,80239,707,22,10.5 inch,9 inch,265,BW,Y,,265/35R22,Highway,10,,320 AA A,32.3 lbs,
73609760,50,Yokohama,Yokohama ADVAN Sport Z.P.S. 225/50R16 Tire,92,SL,0 PSI,1389 lbs,7.0,ADVAN Sport Z.P.S.,24.9 inch,,10186,835,16,8 inch,6 inch,225,BW,W,,225/50R16,,10,,180 AA A,28.2 lbs,
73610850,75,Medalist,Medalist WINTER KING 245/75R16 Tire,,,,,,WINTER KING,,,54560,,16,8 inch,6.5 inch,245,RWL,,,245/75R16,,,,,,
73611010,65,Michelin,Michelin Pilot LTX 245/65R17 Tire,105,,,,,Pilot LTX,,,93675,,17,8.5 inch,7 inch,245,,H,,245/65R17,Highway,,,,,
73611030,45,Michelin,Michelin Pilot Primacy 245/45R17 Tire,95,,,,,Pilot Primacy,,,93738,,17,9 inch,7.5 inch,245,,W,,245/45R17,Highway,,,240 AA A,,
73610250,60,Yokohama,Yokohama YK520 225/60R15 Tire,96,,,1565 lbs,6.5,YK520,25.6 inch,,31713,810,15,8 inch,6 inch,225,,H,,225/60R15,,11,7,520 A A,,
73610140,65,Yokohama,Yokohama Avid Touring 185/65R14 Tire,85,,0 PSI,1124 lbs,5.5,Avid Touring,23.5 inch,P,31802,885,14,6.5 inch,5 inch,185,,S,,185/65R14,Highway,10,,620 A B,17.82 lbs,
73610440,40,Yokohama,Yokohama ADVAN ST 275/40R20 Tire,106,RF,0 PSI,2094 lbs,9.5,ADVAN ST,28.7 inch,,80221,724,20,11 inch,9 inch,275,BW,Y,,275/40R20,Highway,10,9.3,320 AA A,35.7 lbs,
73609950,40,Yokohama,Yokohama S.drive 235/40R17 Tire,90,,0 PSI,1323 lbs,8.5,S.drive,24.3 inch,,01062,855,17,9.5 inch,8 inch,235,,Y,,235/40R17,Highway,10,,300 AA A,22.5 lbs,
73609690,35,Yokohama,Yokohama Parada Spec-2 225/35R18 Tire,83,SL,0 PSI,1074 lbs,8.0,Parada Spec-2,24.3 inch,,01218,856,18,9 inch,7.5 inch,225,BW,W,,225/35R18,Highway,10,7.7,300 AA A,20.88 lbs,
73610210,60,Yokohama,Yokohama ADVAN A048 205/60R15 Tire,91,SL,0 PSI,1365 lbs,6.0,ADVAN A048,24.6 inch,,04806,844,15,7.5 inch,5.5 inch,205,BW,H,,205/60R15,Competition,6,6,60 B A,20.87 lbs,
73609700,40,Yokohama,Yokohama ADVAN Sport 245/40R19 Tire,98,RF,0 PSI,1653 lbs,8.5,ADVAN Sport,26.7 inch,,10131,778,19,9.5 inch,8 inch,245,BW,Y,,245/40R19,Highway,10,8.7,180 AA A,26.46 lbs,
73610240,65,Yokohama,Yokohama AVID TRZ 205/65R16 Tire,94,SL,0 PSI,1477 lbs,6.0,AVID TRZ,26.6 inch,P,31611,782,16,7.5 inch,5.5 inch,205,BW,,,205/65R16,Highway,11,6.6,700 A B,24.27 lbs,
73610600,50,Yokohama,Yokohama ADVAN S.4. 205/50R17 Tire,93,RF,0 PSI,1433 lbs,6.5,ADVAN S.4.,25.2 inch,,40319,823,17,7.5 inch,5 inch,205,BW,W,,205/50R17,Highway,10,7.2,400 AA A,23.37 lbs,
73610750,65,Yokohama,Yokohama Avid S-T 215/65R15 Tire,95,SL,0 PSI,1510 lbs,6.5,Avid S-T,26 inch,,81010,799,15,7.5 inch,6 inch,215,OWL,T,,215/65R15,Highway,11,6.6,420 A B,,
73610990,65,Michelin,Michelin Pilot LTX 245/65R17 Tire,105,,,,,Pilot LTX,,,88768,,17,8.5 inch,7 inch,245,,H,,245/65R17,Highway,,,,,
73610000,60,Yokohama,Yokohama A032R 195/60R14 Tire,86,SL,0 PSI,1168 lbs,6,A032R,23.3 inch,,03204,893,14,7 inch,5.5 inch,195,BW,H,,195/60R14,Competition,6,7,60 A A,,
73610370,65,Yokohama,Yokohama Geolander I/T + 255/65R16 Tire,109,,,2271 lbs,35.12,Geolander I/T +,10.3 inch,,07144,713,16,7.5 inch,7.5 inch,255,,T,,255/65R16,,14,29.1,,,
73611060,45,Michelin,Michelin Pilot Primacy 235/45R17 Tire,94,SL,0 PSI,1477 lbs,7.5,Pilot Primacy,,,42159,,17,9 inch,7.5 inch,235,RRBL,W,,235/45R17,Highway,10,,220 AA A,,
73609980,75,Yokohama,Yokohama Geolandar H/T 225/75R16 Tire,104,SL,0 PSI,1984 lbs,7,Geolandar H/T,29.4 inch,P,03408,706,16,8 inch,6 inch,225,BSW,S,,225/75R16,Highway,11,,,,
73611040,60,Michelin,Michelin Pilot Primacy 205/60R16 Tire,92,,0 PSI,1389 lbs,,Pilot Primacy,25.6 inch,,72286,820,16,7.5 inch,5.5 inch,205,RRBL,V,,205/60R16,Highway,10,,,,
73611070,60,Michelin,Michelin Pilot Primacy 215/60R16 Tire,,,,,,Pilot Primacy,,,68683,,16,7.5 inch,6 inch,215,RRBL,,,215/60R16,Highway,,,,,
73609830,45,Yokohama,Yokohama S.drive 235/45R17 Tire,97,RF,0 PSI,1609 lbs,8.0,S.drive,25.3 inch,,01138,820,17,9 inch,7.5 inch,235,BW,W,,235/45R17,Highway,10,,300 AA A,26.37 lbs,
73610920,50,Medalist,Medalist DEFENDER ZRX+4 / HRX+4 245/50R16 Tire,,,,,,DEFENDER ZRX+4 / HRX+4,,,65430,,16,8.5 inch,7 inch,245,BSW,,,245/50R16,Highway,,,,,
73609770,50,Yokohama,Yokohama Geolandar H/T-S G052 285/50R20 Tire,112,SL,0 PSI,2469 lbs,9,Geolandar H/T-S G052,31.3 inch,,05207,664,20,10 inch,8 inch,285,RBL,H,,285/50R20,Highway,12,9.7,460 A A,44.33 lbs,
73609720,55,Yokohama,Yokohama ADVAN SPORT 235/55R17 Tire,103,RF,0 PSI,1929 lbs,7.5,ADVAN SPORT,27.1 inch,,10175,767,17,8.5 inch,6.5 inch,235,BW,Y,,235/55R17,Highway,10,,180 AA A,27 lbs,
73609930,50,Yokohama,Yokohama ADVAN A11A 205/50R16 Tire,87,SL,0 PSI,1201 lbs,6.5,ADVAN A11A,24.1 inch,,93207,862,16,7.5 inch,5.5 inch,205,BW,,,205/50R16,Highway,10,,280 A A,22.37 lbs,
73610520,50,Yokohama,Yokohama Geolandar H/T S 305/50R20 Tire,120,SL,,,,Geolandar H/T S,,,5208,,20,11 inch,8.5 inch,305,,H,,305/50R20,,,,,,
73610590,40,Yokohama,Yokohama ADVAN S.4. 245/40R18 Tire,93,SL,0 PSI,1433 lbs,8.5,ADVAN S.4.,25.8 inch,,40313,804,18,9.5 inch,8 inch,245,BW,W,,245/40R18,Highway,11,8.7,400 AA A,26.46 lbs,
73609670,45,Yokohama,Yokohama Parada Spec-2 205/45R16 Tire,83,SL,0 PSI,1074 lbs,7.0,Parada Spec-2,23.3 inch,,01212,893,16,7.5 inch,6.5 inch,205,BW,,,205/45R16,Highway,10,7.6,300 AA A,20.14 lbs,
73610040,40,Yokohama,Yokohama ADVAN Neova 255/40R18 Tire,95,SL,0 PSI,1521 lbs,9,ADVAN Neova,26.1 inch,,07031,796,18,10 inch,8.5 inch,255,BW,W,,255/40R18,,10,9.9,180 AA A,28 lbs,
73609900,45,Yokohama,Yokohama S.drive 225/45R18 Tire,95,RF,0 PSI,1521 lbs,7.5,S.drive,25.8 inch,,01087,804,18,8.5 inch,7 inch,225,BW,Y,,225/45R18,Highway,10,,300 AA A,23 lbs,
73610280,50,Yokohama,Yokohama YK520 215/50R17 Tire,93,,,1433 lbs,7,YK520,25.7 inch,P,31721,808,17,7.5 inch,6 inch,215,,V,,215/50R17,,11,7.6,520 A A,,
73610820,75,Medalist,Medalist TRAIL A/P 265/75R16 Tire,109,,0 PSI,2470 lbs,7.5,TRAIL A/P,31.4 inch,LT,52729,662,16,8 inch,7 inch,265,ROWL,Q,,265/75R16,Highway,,,,,
73610490,70,Yokohama,Yokohama Aegis LS4 175/70R13 Tire,82,SL,0 PSI,1036 lbs,5,Aegis LS4,22.7 inch,P,30206,914,13,6 inch,4.5 inch,175,BW,S,,175/70R13,Highway,10,5.4,420 A B,16 lbs,
73610570,70,Yokohama,Yokohama Geolandar A/T-S 265/70R15 Tire,112,SL,0 PSI,2469 lbs,8.0,Geolandar A/T-S,29.7 inch,,01228,700,15,9 inch,7 inch,265,RBL,S,,265/70R15,Highway,13,,500 A B,38.14 lbs,
73610840,70,Medalist,Medalist WINTER KING 215/70R15 Tire,,,,,,WINTER KING,,,89396,,15,7 inch,5.5 inch,215,WSW,,,215/70R15,,,,,,
73610960,70,Medalist,Medalist CIENTRA PLUS 175/70R14 Tire,84,,0 PSI,1102 lbs,5,CIENTRA PLUS,23.7 inch,P,59820,878,14,6 inch,4.5 inch,175,BSW,S,,175/70R14,Highway,,,480 A B,,
73609740,30,Yokohama,Yokohama ADVAN Sport 265/30R22 Tire,97,RF,0 PSI,1609 lbs,9.0,ADVAN Sport,28.4 inch,,10167,732,22,10 inch,9 inch,265,BW,Y,,265/30R22,Highway,10,,180 AA A,28.88 lbs,
73610340,70,Yokohama,Yokohama Avid T4 175/70R13 Tire,82,SL,0 PSI,1036 lbs,5,Avid T4,22.7 inch,P,30480,916,13,6 inch,4.5 inch,175,BW,T,,175/70R13,Highway,10,5.4,420 A B,14.99 lbs,
73610150,70,Yokohama,Yokohama Avid Touring 215/70R14 Tire,96,SL,0 PSI,1554 lbs,6.5,Avid Touring,25.9 inch,P,31012,801,14,7 inch,5.5 inch,215,WW,S,,215/70R14,Highway,11,6.5,620 A B,21.79 lbs,
73609840,30,Yokohama,Yokohama S.drive 255/30R20 Tire,92,RF,0 PSI,1389 lbs,9.0,S.drive,26.1 inch,,01085,797,20,9.5 inch,8.5 inch,255,BW,Y,,255/30R20,Highway,10,,300 AA A,26.1 lbs,
73609910,70,Yokohama,Yokohama Geolandar M-T Plus 265/70R17 Tire,112,,0 PSI,2470 lbs,8.0,Geolandar M-T Plus,32 inch,LT,00144,650,17,8.5 inch,7 inch,265,BW,Q,,265/70R17,Highway,17,8.4,,50 lbs,
73609870,30,Yokohama,Yokohama S.drive 245/30R19 Tire,89,RF,0 PSI,1279 lbs,8.5,S.drive,24.8 inch,,01127,837,19,9 inch,8 inch,245,BW,Y,,245/30R19,Highway,10,,300 AA A,23.1 lbs,
73610260,70,Yokohama,Yokohama AVID TRZ 205/70R15 Tire,95,SL,0 PSI,1499 lbs,6.0,AVID TRZ,26.4 inch,P,31612,787,15,7 inch,5 inch,205,BW,,,205/70R15,Highway,12,6.5,700 A B,23.79 lbs,
73610380,70,Yokohama,Yokohama Geolander I/T + 235/70R16 Tire,106,,,2094 lbs,32.88,Geolander I/T +,9.6 inch,,07141,715,16,7 inch,7 inch,235,,T,,235/70R16,,14,29.1,,,
73610580,70,Yokohama,Yokohama Geolandar A/T-S 275/70R16 Tire,114,SL,0 PSI,2601 lbs,8.0,Geolandar A/T-S,31.4 inch,,01240,662,16,9 inch,7 inch,275,RBL,S,,275/70R16,Highway,13,,500 A B,42.67 lbs,
73609960,70,Yokohama,Yokohama GEOLANDAR O.E. B/W G92C 225/70R16 Tire,101,SL,0 PSI,1819 lbs,6.5,GEOLANDAR O.E. B/W G92C,28.3 inch,P,93203,734,16,7.5 inch,6 inch,225,BW,H,,225/70R16,Highway,10,,280 A B,29.55 lbs,
73609750,70,Yokohama,Yokohama Geolandar H/T-S G051 275/70R16 Tire,114,SL,0 PSI,2601 lbs,8.0,Geolandar H/T-S G051,31.3 inch,P,05124,664,16,9 inch,7 inch,275,OWL,S,,275/70R16,Highway,12,8.4,500 A B,41.5 lbs,
73610530,70,Yokohama,Yokohama Aegis LS4 205/70R14 Tire,93,SL,0 PSI,1433 lbs,6,Aegis LS4,25.4 inch,P,30202,818,14,7 inch,5 inch,205,BW,S,,205/70R14,Highway,11,6.5,440 A B,21.8 lbs,
73610300,70,Yokohama,Yokohama Avid T4 185/70R14 Tire,87,SL,,,5.5,Avid T4,24.3 inch,,30482,,14,6 inch,4.5 inch,185,BW,T,,185/70R14,Highway,,5.7,420 A B,17 lbs,
73610730,70,Yokohama,Yokohama Y815B 265/70R15 Tire,110,SL,0 PSI,2337 lbs,7.5,Y815B,29.9 inch,,81501,695,15,8.5 inch,7 inch,265,BW,H,,265/70R15,,12,,200 B A,35.5 lbs,
73610120,70,Yokohama,Yokohama Avid Touring 205/70R14 Tire,93,SL,0 PSI,1433 lbs,6,Avid Touring,25.4 inch,P,31011,818,14,7 inch,5 inch,205,WW,S,,205/70R14,Highway,11,6.1,620 A B,19.41 lbs,
73609790,70,Yokohama,Yokohama Geolandar H/T G039 255/70R16 Tire,109,SL,,,,Geolandar H/T G039,,,3909,,16,8.5 inch,6.5 inch,255,,S,,255/70R16,,,,,,
73610200,70,Yokohama,Yokohama Geolandar H/T-S G051 265/70R17 Tire,113,SL,0 PSI,2535 lbs,8.0,Geolandar H/T-S G051,31.8 inch,P,05101,653,17,9 inch,7 inch,265,OWL,S,,265/70R17,Highway,12,8.1,500 A B,42.5 lbs,
73610130,70,Yokohama,Yokohama Avid Touring 205/70R15 Tire,95,SL,0 PSI,1499 lbs,6,Avid Touring,26.3 inch,P,31014,789,15,7 inch,5 inch,205,WW,S,,205/70R15,Highway,11,6.3,620 A B,20.62 lbs,
73610970,70,Medalist,Medalist A/S Steel Belted Radial 205/70R15 Tire,,,,,,A/S Steel Belted Radial,,,85023,,15,7 inch,5 inch,205,WSW,,,205/70R15,Highway,,,,,
73611270,60,Michelin,Michelin Primacy MXV4 225/60R16 Tire,98,,,,6.5,Primacy MXV4,26.6 inch,,30137,,16,8 inch,6 inch,225,BSW,V,,225/60R16,Highway,,,620 A A,26 lbs,
73612440,65,Michelin,Michelin XGT 4 185/65R14 Tire,85,,,,,XGT 4,,,39890,,14,6.5 inch,5 inch,185,,S,,185/65R14,,,,,,
73612380,60,Michelin,Michelin Energy MXV4 PL XSE 205/60R16 Tire,91,,,,,Energy MXV4 PL XSE,,,20055,,16,7.5 inch,5.5 inch,205,,H,,205/60R16,,,,,,
73611570,35,Michelin,Michelin Pilot Sport PS2 285/35R19 Tire,99,SL,0 PSI,1708 lbs,10,Pilot Sport PS2,26.9 inch,,46032,774,19,11 inch,9.5 inch,285,BSW,Y,,285/35R19,Highway,10,,220 AA A,,
73611490,45,Michelin,Michelin Pilot Alpin 245/45R18 Tire,,,,,,Pilot Alpin,,,76152,,18,9 inch,7.5 inch,245,RRBL,,,245/45R18,Highway,,,,,
73611660,50,Michelin,Michelin Pilot Alpin PA2 225/50R17 Tire,98,,0 PSI,1653 lbs,7,Pilot Alpin PA2,25.9 inch,,96622,803,17,8 inch,6 inch,225,RRBL,V,,225/50R17,Highway,11,,,,
73611190,50,Michelin,Michelin Pilot HX MXM4 235/50R17 Tire,95,SL,0 PSI,1521 lbs,7.5,Pilot HX MXM4,,,80928,,17,8.5 inch,6.5 inch,235,,W,,235/50R17,Highway,,,300 A A,,
73612010,55,Michelin,Michelin Pilot HX MXM 205/55R16 Tire,91,,,,,Pilot HX MXM,,,93464,,16,7.5 inch,5.5 inch,205,,W,,205/55R16,Highway,,,,,
73612320,40,Michelin,Michelin Pilot SX-GT 255/40R17 Tire,94,,,,,Pilot SX-GT,,,60761,,17,10 inch,8.5 inch,255,,V,,255/40R17,,,,,,
73612390,45,Michelin,Michelin Pilot Sport Cup 225/45R17 Tire,91,SL,0 PSI,1356 lbs,7.5,Pilot Sport Cup,25.1 inch,,77719,835,17,8.5 inch,7 inch,225,BW,Y,,225/45R17,Competition,6,,80 AA A,,
73611730,75,Michelin,Michelin Synchrone 225/75R16 Tire,104,,,,,Synchrone,,,82666,,16,7.5 inch,6 inch,225,,T,,225/75R16,,,,,,
73611960,75,Michelin,Michelin Latitude X-Ice 245/75R16 Tire,109,,,,7,Latitude X-Ice,30.5 inch,,26621,,16,8 inch,6.5 inch,245,,Q,,245/75R16,Highway,,,,35 lbs,
73612110,55,Michelin,Michelin MXV 215/55R16 Tire,93,,,,,MXV,,,87377,,16,7.5 inch,6 inch,215,,H,,215/55R16,,,,,,
73611400,65,Michelin,Michelin LX4 205/65R15 Tire,92,SL,0 PSI,1400 lbs,6,LX4,,,70666,,15,7.5 inch,5.5 inch,205,,T,,205/65R15,Highway,10,,500 A B,,
73611350,55,Michelin,Michelin XGT Z4 PILOT 225/55R16 Tire,94,,,,,XGT Z4 PILOT,,,75991,,16,8 inch,6 inch,225,,W,,225/55R16,Highway,,,300 A A,,
73612000,50,Michelin,Michelin Pilot HX MXM 225/50R16 Tire,92,,,,,Pilot HX MXM,,,42532,,16,8 inch,6 inch,225,,W,,225/50R16,Highway,,,,,
73611460,55,Michelin,Michelin Energy MXV4 Plus 225/55R16 Tire,95,SL,0 PSI,1521 lbs,7.5,Energy MXV4 Plus,25.9 inch,,87064,810,16,8 inch,6 inch,225,RRBL,H,,225/55R16,Highway,10,,400 A A,,
73612450,65,Michelin,Michelin X-One 215/65R15 Tire,95,,,,,X-One,,,93380,,15,7.5 inch,6 inch,215,,T,,215/65R15,,,,,,
73612060,65,Michelin,Michelin Pilot XGT H4 195/65R15 Tire,89,SL,0 PSI,1279 lbs,6,Pilot XGT H4,,,78035,,15,7 inch,5.5 inch,195,,H,,195/65R15,,10,,400 A A,,
73611780,45,Michelin,Michelin Pilot Sport A-S 245/45R17 Tire,95,SL,0 PSI,1521 lbs,7.5,Pilot Sport A-S,,,43220,,17,9 inch,7.5 inch,245,,Y,,245/45R17,Highway,10,,400 AA A,,
73611480,65,Michelin,Michelin Energy MXV4 Plus 185/65R15 Tire,88,SL,0 PSI,1235 lbs,5.5,Energy MXV4 Plus,24.5 inch,,57285,849,15,6.5 inch,5 inch,185,RRBL,H,,185/65R15,Highway,9,,400 A A,,
73611830,45,Michelin,Michelin MXX 255/45R17 Tire,98,,,,,MXX,,,67289,,17,9.5 inch,8 inch,255,,Y,,255/45R17,,,,,,
73612610,40,Michelin,Michelin Pilot Exalto PE2 225/40R18 Tire,92,XL,0 PSI,1389 lbs,8,Pilot Exalto PE2,25 inch,,37955,832,18,9 inch,7.5 inch,225,BSW,Y,,225/40R18,Highway,10,,240 A A,,
73611140,75,Michelin,Michelin XW4 215/75R15 Tire,100,,,,,XW4,,,38710,,15,7 inch,5.5 inch,215,,S,,215/75R15,Highway,,,,,
73611680,45,Michelin,Michelin Pilot Alpin PA2 225/45R17 Tire,94,,0 PSI,1477 lbs,7.5,Pilot Alpin PA2,25 inch,,83594,833,17,8.5 inch,7 inch,225,RRBL,V,,225/45R17,Highway,11,,,,
73612560,65,Michelin,Michelin MXV4 205/65R15 Tire,92,,,,,MXV4,,,71786,,15,7.5 inch,5.5 inch,205,,V,,205/65R15,Highway,,,,,
73611210,45,Michelin,Michelin Pilot HX MXM4 255/45R18 Tire,99,XL,,,8.5,Pilot HX MXM4,27.1 inch,,63035,,18,9.5 inch,8 inch,255,,W,,255/45R18,Highway,,,300 A A,29 lbs,
73612180,40,Michelin,Michelin Pilot Sport PS2 225/40R18 Tire,92,,,,,Pilot Sport PS2,,,62802,,18,9 inch,7.5 inch,225,,Y,,225/40R18,Highway,,,,,
73611390,45,Michelin,Michelin Pilot MXM4 225/45R17 Tire,94,RF,0 PSI,1477 lbs,,Pilot MXM4,25 inch,,87364,838,17,8.5 inch,7 inch,225,RRBL,H,,225/45R17,Highway,10,,,,
73612030,60,Michelin,Michelin Pilot XGT H4 235/60R15 Tire,98,SL,0 PSI,1642 lbs,7,Pilot XGT H4,,,82086,,15,9 inch,6 inch,235,,H,,235/60R15,,10,,400 A A,,
73612370,35,Michelin,Michelin Pilot Sport 255/35R20 Tire,97,XL,0 PSI,1609 lbs,8.5,Pilot Sport,,,69996,,20,10 inch,8.5 inch,255,,Y,,255/35R20,Highway,10,,220 AA A,,
73611300,45,Michelin,Michelin Primacy MXV4 225/45R17 Tire,91,,,,7.5,Primacy MXV4,25 inch,,20741,,17,8.5 inch,7 inch,225,RRBL,H,,225/45R17,Highway,,,620 A A,24 lbs,
73612250,35,Michelin,Michelin Pilot Sport PS2 255/35R19 Tire,96,,0 PSI,1565 lbs,9,Pilot Sport PS2,26 inch,,86320,799,19,10 inch,8.5 inch,255,RRBL,Y,,255/35R19,Highway,,,,,
73611510,60,Michelin,Michelin Pilot Alpin 205/60R15 Tire,91,SL,0 PSI,1356 lbs,6,Pilot Alpin,,,72774,,15,7.5 inch,5.5 inch,205,,H,,205/60R15,Highway,11,,,,
73611540,75,Michelin,Michelin XCX/APT 265/75R16 Tire,,,,,,XCX/APT,,,76097,,16,9 inch,7 inch,265,ORWL,,,265/75R16,,,,,,
73612510,60,Michelin,Michelin Pilot Primacy ZP 215/60R16 Tire,95,,,,,Pilot Primacy ZP,,,72477,,16,7.5 inch,6 inch,215,,W,,215/60R16,Highway,,,,,
73611240,55,Michelin,Michelin Pilot HX MXM4 235/55R17 Tire,99,SL,,,8,Pilot HX MXM4,27.2 inch,,99916,,17,8.5 inch,6.5 inch,235,,H,,235/55R17,Highway,,,300 A A,28 lbs,
73612200,40,Michelin,Michelin Pilot Sport PS2 225/40R19 Tire,93,XL,,,8,Pilot Sport PS2,,,93395,,19,9 inch,7.5 inch,225,,Y,,225/40R19,Highway,,,,27 lbs,
73611990,55,Michelin,Michelin Pilot HX MXM 225/55R17 Tire,97,,,,,Pilot HX MXM,,,53613,,17,8 inch,6 inch,225,,W,,225/55R17,Highway,,,,,
73612300,45,Michelin,Michelin Pilot SX MXX3 245/45R17 Tire,95,,,,,Pilot SX MXX3,,,77239,,17,9 inch,7.5 inch,245,,W,,245/45R17,,,,,,
73612100,65,Michelin,Michelin Energy MXV4 S8 195/65R15 Tire,91,,0 PSI,1356 lbs,6,Energy MXV4 S8,25 inch,,64402,832,15,7 inch,5.5 inch,195,RRBL,V,,195/65R15,,9,,,,
73611430,60,Michelin,Michelin AGILITY & AGILITY TOURING 215/60R16 Tire,,,,,,AGILITY & AGILITY TOURING,,,81790,,16,7.5 inch,6 inch,215,BSW,,,215/60R16,,,,,,
73612430,60,Michelin,Michelin X-One 225/60R16 Tire,97,,,,,X-One,,,85562,,16,8 inch,6 inch,225,BW,T,,225/60R16,,,,,,
73611150,75,Michelin,Michelin XW4 225/75R15 Tire,102,,,,,XW4,,,32736,,15,7.5 inch,6 inch,225,,S,,225/75R15,Highway,,,,,
73611520,65,Michelin,Michelin Pilot Alpin 195/65R15 Tire,91,,,,,Pilot Alpin,,,58330,,15,7 inch,5.5 inch,195,RRBL,H,,195/65R15,Highway,,,,,
73611860,60,Michelin,Michelin MXW 205/60R15 Tire,91,,,,,MXW,,,72889,,15,7.5 inch,5.5 inch,205,,V,,205/60R15,,,,,,
73611620,50,Michelin,Michelin Pilot Alpin PA2 275/50R19 Tire,112,,0 PSI,2469 lbs,8.5,Pilot Alpin PA2,29.9 inch,,64933,696,19,9.5 inch,7.5 inch,275,RRBL,H,,275/50R19,Highway,11,,,,
73612580,60,Michelin,Michelin MXV4 195/60R14 Tire,86,,,,,MXV4,,,77230,,14,7 inch,5.5 inch,195,,V,,195/60R14,Highway,,,,,
73612230,35,Michelin,Michelin Pilot Sport PS2 285/35R19 Tire,99,,,,10,Pilot Sport PS2,26.9 inch,,05159,,19,11 inch,9.5 inch,285,BSW,Y,,285/35R19,Highway,,,220 AA A,32 lbs,
73612400,45,Michelin,Michelin Pilot Sport Cup 245/45R16 Tire,94,SL,0 PSI,1477 lbs,8,Pilot Sport Cup,24.9 inch,,90104,842,16,9 inch,7.5 inch,245,BW,Y,,245/45R16,Competition,6,,80 AA A,,
73611450,75,Michelin,Michelin XH4 225/75R15 Tire,,,,,,XH4,,,03598,,15,7.5 inch,6 inch,225,WW,,,225/75R15,Highway,,,,,
73611820,65,Michelin,Michelin Proxima 195/65R14 Tire,88,,,,,Proxima,,,97636,,14,7 inch,5.5 inch,195,,S,,195/65R14,,,,,,
73612540,60,Michelin,Michelin MXV4 225/60R16 Tire,97,,,,,MXV4,,,22396,,16,8 inch,6 inch,225,,V,,225/60R16,Highway,,,,,
73611770,35,Michelin,Michelin Pilot Sport A-S 285/35R18 Tire,97,SL,0 PSI,1609 lbs,10,Pilot Sport A-S,,,87544,,18,11 inch,9.5 inch,285,,Y,,285/35R18,Highway,10,,400 AA A,,
73611560,85,Michelin,Michelin XCX/APT 235/85R16 Tire,,,,,,XCX/APT,,,70709,,16,,,235,ORWL,,,235/85R16,,,,,,
73612520,60,Michelin,Michelin MXV4 225/60R16 Tire,97,,,,,MXV4,,,54799,,16,8 inch,6 inch,225,,H,,225/60R16,Highway,,,,,
73611220,50,Michelin,Michelin Pilot HX MXM4 235/50R17 Tire,96,SL,,,7.5,Pilot HX MXM4,,,54891,,17,8.5 inch,6.5 inch,235,,H,,235/50R17,Highway,,,300 A A,28 lbs,
73612050,60,Michelin,Michelin Pilot XGT H4 185/60R14 Tire,82,SL,0 PSI,1047 lbs,5.5,Pilot XGT H4,,,55415,,14,6.5 inch,5 inch,185,,H,,185/60R14,,10,,400 A A,,
73611310,75,Michelin,Michelin Select LT 245/75R16 Tire,,,,,,Select LT,,,87175,,16,8 inch,6.5 inch,245,ORWL,,,245/75R16,,,,,,
73611650,55,Michelin,Michelin Pilot Alpin PA2 225/55R17 Tire,101,,0 PSI,1819 lbs,7,Pilot Alpin PA2,26.8 inch,,93193,777,17,8 inch,6 inch,225,RRBL,V,,225/55R17,Highway,11,,,,
73611470,60,Michelin,Michelin Energy MXV4 Plus 235/60R16 Tire,100,SL,0 PSI,1764 lbs,7,Energy MXV4 Plus,26.9 inch,,74113,772,16,8.5 inch,6.5 inch,235,RRBL,H,,235/60R16,Highway,10,,400 A A,,
73612280,40,Michelin,Michelin Pilot Sport PS2 235/40R17 Tire,90,,,,9.5,Pilot Sport PS2,24.4 inch,,65519,,17,9.5 inch,8 inch,235,BSW,Y,,235/40R17,Highway,,,220 AA A,26 lbs,
73612620,55,Michelin,Michelin Pilot Exalto PE2 205/55R15 Tire,88,SL,0 PSI,1235 lbs,6.5,Pilot Exalto PE2,23.9 inch,,78038,870,15,7.5 inch,5.5 inch,205,RRB,W,,205/55R15,Highway,10,,,,
73611250,45,Michelin,Michelin Pilot HX MXM4 235/45R17 Tire,94,SL,,,8,Pilot HX MXM4,25.4 inch,,81652,,17,9 inch,7.5 inch,235,,H,,235/45R17,Highway,,,300 A A,26 lbs,
73611640,45,Michelin,Michelin Pilot Alpin PA2 245/45R18 Tire,100,,0 PSI,1764 lbs,8,Pilot Alpin PA2,26.7 inch,,65749,780,18,9 inch,7.5 inch,245,RRBL,V,,245/45R18,Highway,11,,,,
73611790,40,Michelin,Michelin Pilot Sport A-S 275/40R18 Tire,99,RF,0 PSI,1709 lbs,9.5,Pilot Sport A-S,,,85950,,18,11 inch,9 inch,275,,Y,,275/40R18,Highway,10,,400 AA A,,
73611380,55,Michelin,Michelin Pilot MXM4 215/55R16 Tire,97,RF,,,7,Pilot MXM4,25.3 inch,,88991,,16,7.5 inch,6 inch,215,RRBL,H,,215/55R16,Highway,,,300 A A,24 lbs,
73612020,50,Michelin,Michelin MXX3 225/50R17 Tire,,,,,,MXX3,,,46420,,17,8 inch,6 inch,225,,S,,225/50R17,Highway,,,,,
73612260,35,Michelin,Michelin Pilot Sport PS2 295/35R18 Tire,99,,,,10.5,Pilot Sport PS2,26.1 inch,,43008,,18,11.5 inch,10 inch,295,,Y,,295/35R18,Highway,,,220 AA A,30 lbs,
73611260,60,Michelin,Michelin Primacy MXV4 205/60R16 Tire,92,,,,6,Primacy MXV4,25.7 inch,,68161,,16,7.5 inch,5.5 inch,205,BSW,V,,205/60R16,Highway,,,620 A A,24 lbs,
73612210,40,Michelin,Michelin Pilot Sport PS2 255/40R17 Tire,94,,,,,Pilot Sport PS2,,,88407,,17,10 inch,8.5 inch,255,,Y,,255/40R17,Highway,,,,,
73611420,40,Michelin,Michelin Pilot Sport A-S 255/40R18 Tire,95,SL,0 PSI,1521 lbs,9,Pilot Sport A-S,,,68823,,18,10 inch,8.5 inch,255,,Y,,255/40R18,Highway,11,,400 AA A,,
73612420,60,Michelin,Michelin XGT 4 205/60R15 Tire,90,,,,,XGT 4,,,09664,,15,7.5 inch,5.5 inch,205,,S,,205/60R15,,,,,,
73611580,40,Michelin,Michelin Pilot Sport PS2 275/40R17 Tire,98,SL,,,9.5,Pilot Sport PS2,25.6 inch,,39119,,17,11 inch,9 inch,275,BSW,Y,,275/40R17,Highway,,,220 AA A,28 lbs,
73611670,40,Michelin,Michelin Pilot Alpin PA2 255/40R17 Tire,98,,0 PSI,1653 lbs,9,Pilot Alpin PA2,25 inch,,85351,831,17,10 inch,8.5 inch,255,RRBL,V,,255/40R17,Highway,11,,,,
73612630,45,Michelin,Michelin Pilot Exalto PE2 205/45R16 Tire,93,SL,0 PSI,1073 lbs,7,Pilot Exalto PE2,23.2 inch,,95178,897,16,7.5 inch,6.5 inch,205,BSW,W,,205/45R16,Highway,10,,240 A A,,
73611280,60,Michelin,Michelin Primacy MXV4 205/60R16 Tire,92,,,,6,Primacy MXV4,25.7 inch,,11848,,16,7.5 inch,5.5 inch,205,BSW,H,,205/60R16,Highway,,,620 A A,25 lbs,
73612240,45,Michelin,Michelin Pilot Sport PS2 245/45R17 Tire,95,,,,8,Pilot Sport PS2,25.7 inch,,81039,,17,9 inch,7.5 inch,245,,Y,,245/45R17,Highway,,,220 AA A,28 lbs,
73611500,50,Michelin,Michelin Pilot Alpin 205/50R16 Tire,87,SL,0 PSI,1202 lbs,6.5,Pilot Alpin,,,69545,,16,7.5 inch,5.5 inch,205,,H,,205/50R16,Highway,11,,,,
73612480,65,Michelin,Michelin HydroEdge 215/65R16 Tire,98,,,,6.5,HydroEdge,26.8 inch,,81152,,16,7.5 inch,6 inch,215,,T,,215/65R16,Highway,,,800 A B,24 lbs,
73611530,40,Michelin,Michelin Pilot Alpin 235/40R18 Tire,,,,,,Pilot Alpin,,,93924,,18,9.5 inch,8 inch,235,RRBL,,,235/40R18,Highway,,,,,
73611870,75,Michelin,Michelin Arctic-Alpin 235/75R15 Tire,108,XL,0 PSI,2205 lbs,6.5,Arctic-Alpin,,,85894,,15,7.5 inch,6 inch,235,,Q,,235/75R15,Highway,10,,,,
73611230,55,Michelin,Michelin Pilot HX MXM4 255/55R18 Tire,104,,,,8,Pilot HX MXM4,29 inch,,51820,,18,9 inch,7 inch,255,,V,,255/55R18,Highway,,,300 A A,38 lbs,
73611610,50,Michelin,Michelin Pilot HX MXM4 215/50R17 Tire,93,XL,,,7,Pilot HX MXM4,25.5 inch,,88482,,17,7.5 inch,6 inch,215,,V,,215/50R17,Highway,,,300 A A,24 lbs,
73611840,75,Michelin,Michelin Radial XL Plus P-Metric LT 225/75R15 Tire,102,,,,,Radial XL Plus P-Metric LT,,,23817,,15,7.5 inch,6 inch,225,,S,,225/75R15,,,,,,
73612410,40,Michelin,Michelin Pilot Sport Cup 275/40R17 Tire,98,SL,0 PSI,1653 lbs,9.5,Pilot Sport Cup,25.7 inch,,19249,810,17,10.5 inch,9 inch,275,BSW,Y,,275/40R17,Competition,6,,,,
73611410,70,Michelin,Michelin LX1 215/70R15 Tire,,,,,,LX1,,,00282,,15,7 inch,5.5 inch,215,,,,215/70R15,,,,,,
73612160,70,Michelin,Michelin Cross Terrain SUV 265/70R15 Tire,110,SL,0 PSI,2337 lbs,8,Cross Terrain SUV,,,96459,,15,9 inch,7 inch,265,,S,,265/70R15,Highway,11,,700 A B,,
73612220,30,Michelin,Michelin Pilot Sport PS2 285/30R21 Tire,100,,,,10,Pilot Sport PS2,27.8 inch,,96700,,21,10.5 inch,9.5 inch,285,,Y,,285/30R21,Highway,,,220 AA A,34 lbs,
73611440,70,Michelin,Michelin XH4 215/70R14 Tire,96,,,,,XH4,,,03242,,14,7 inch,5.5 inch,215,,S,,215/70R14,Highway,,,,,
73611320,70,Michelin,Michelin X Radial 215/70R15 Tire,,,,,,X Radial,,,89577,,15,7 inch,5.5 inch,215,BW,,,215/70R15,,,,,,
73612270,30,Michelin,Michelin Pilot Sport PS2 295/30R19 Tire,100,XL,,,10.5,Pilot Sport PS2,26 inch,,88189,,19,11 inch,10 inch,295,,Y,,295/30R19,Highway,,,220 AA A,30 lbs,
73612490,70,Michelin,Michelin HydroEdge 195/70R14 Tire,90,,,,6,HydroEdge,24.6 inch,,49877,,14,6.5 inch,5 inch,195,,T,,195/70R14,Highway,,,800 A B,19 lbs,
73612130,70,Michelin,Michelin Agilis 225/70R15 Tire,109,,,,,Agilis,,,47417,,15,7.5 inch,6 inch,225,,R,,225/70R15,Highway,,,,,
73611750,30,Michelin,Michelin Pilot Sport A-S 275/30R20 Tire,97,XL,0 PSI,1609 lbs,9.5,Pilot Sport A-S,,,78234,,20,11 inch,9.5 inch,275,,Y,,275/30R20,Highway,10,,400 AA A,,
73611600,30,Michelin,Michelin Pilot Sport PS2 265/30R19 Tire,93,XL,,,9.5,Pilot Sport PS2,25.3 inch,,50536,,19,10 inch,9 inch,265,,Y,,265/30R19,Highway,,,220 AA A,26 lbs,
73612460,70,Michelin,Michelin XC LT4 235/70R15 Tire,,,,,,XC LT4,,,93762,,15,8 inch,6 inch,235,ORWL,,,235/70R15,,,,,,
73612170,70,Michelin,Michelin Cross Terrain SUV 245/70R16 Tire,106,SL,,,7,Cross Terrain SUV,,,97768,,16,8 inch,6.5 inch,245,,S,,245/70R16,Highway,,,700 A B,34 lbs,
73612190,30,Michelin,Michelin Pilot Sport PS2 255/30R22 Tire,95,XL,,,10.5,Pilot Sport PS2,28.1 inch,,68038,,22,9.5 inch,8.5 inch,255,,Y,,255/30R22,Highway,,,220 AA A,34 lbs,
73611130,70,Michelin,Michelin XW4 235/70R15 Tire,102,,,,,XW4,,,16458,,15,8 inch,6 inch,235,,S,,235/70R15,Highway,,,,,
73612760,40,Michelin,Michelin Pilot Sport 235/40R18 Tire,91,SL,0 PSI,1356 lbs,9.5,Pilot Sport,,,91376,,18,9.5 inch,8 inch,235,RRBL,Y,,235/40R18,Highway,10,,220 AA A,,
73612910,75,Michelin,Michelin X Radial LT 245/75R16 Tire,,,,,,X Radial LT,,,88106,,16,8 inch,6.5 inch,245,ORWL,,,245/75R16,,,,,,
73613850,50,Hankook,Hankook Ventus H101 245/50R16 Tire,,,,,,Ventus H101,,,1000937,,16,8.5 inch,7 inch,245,BSW,,,245/50R16,Highway,,,,,
73612970,60,Blue Streak,Blue Streak Sport 185/60R14 Tire,82,SL,0 PSI,1047 lbs,5.50,Sport,22.8 inch,,119185605,0,14,6.5 inch,5 inch,185,BSW,H,,185/60R14,,11,,320 A B,16.52 lbs,
73613310,65,Hankook,Hankook Mileage Plus II H725 185/65R14 Tire,85,,0 PSI,1124 lbs,5.5,Mileage Plus II H725,23.5 inch,P,1004554,884,14,6.5 inch,5 inch,185,DSB,S,,185/65R14,Highway,10.5,5.6,,,
73613940,65,Hankook,Hankook RF10 235/65R17 Tire,103,,,,,RF10,,P,1008720,,17,9 inch,7 inch,235,,T,,235/65R17,Highway,,,,,
73614020,40,Hankook,Hankook Ventus Sport K104 245/40R19 Tire,98,XL,0 PSI,1653 lbs,8.5,Ventus Sport K104,26.7 inch,,1005952,778,19,9.5 inch,8 inch,245,DSB,Y,,245/40R19,Highway,11,,,,
73612800,60,Michelin,Michelin MX4 215/60R17 Tire,95,,,,,MX4,,,61819,,17,7.5 inch,6 inch,215,,S,,215/60R17,Highway,,,,,
73613760,35,Hankook,Hankook VENTUS V12 evo K110 245/35R21 Tire,96,,,,,VENTUS V12 evo K110,,,1009516,,21,10 inch,8 inch,245,,Y,,245/35R21,Highway,,,,,
73612670,40,Michelin,Michelin Pilot Sport 255/40R18 Tire,99,RF,0 PSI,1709 lbs,,Pilot Sport,26 inch,,44415,803,18,9.5 inch,8 inch,255,RRBL,Y,,255/40R18,Highway,10,,,,
73612980,40,Blue Streak,Blue Streak Stiletto 205/40R17 Tire,84,XL,0 PSI,1102 lbs,7.50,Stiletto,23.7 inch,,119205408,0,17,8 inch,7 inch,205,BSW,V,,205/40R17,,9,,320 A A,17.97 lbs,
73613590,60,Hankook,Hankook Optimo H418 205/60R16 Tire,91,,0 PSI,1356 lbs,6,Optimo H418,25.7 inch,,1003793,807,16,7.5 inch,5.5 inch,205,VSB,H,,205/60R16,Highway,10.5,6.5,,,
73613150,60,Blue Streak,Blue Streak Pneumant PN550 195/60R15 Tire,88,SL,0 PSI,1235 lbs,0.00,Pneumant PN550,0 inch,,119195613,0,15,0 inch,0 inch,195,BSW,V,,195/60R15,,11,,200 A A,18.35 lbs,
73612920,75,Michelin,Michelin X Radial LT 265/75R16 Tire,,,,,,X Radial LT,,,11570,,16,9 inch,7 inch,265,ORWL,,,265/75R16,,,,,,
73613460,65,Hankook,Hankook H406 185/65R14 Tire,85,,0 PSI,1124 lbs,5.5,H406,23.5 inch,P,1001031,884,14,6.5 inch,5 inch,185,VSB,H,,185/65R14,Highway,9,5.4,,,
73613790,35,Hankook,Hankook VENTUS V12 evo K110 255/35R18 Tire,94,,0 PSI,1477 lbs,9,VENTUS V12 evo K110,,,1008210,831,18,10 inch,8.5 inch,255,,Y,,255/35R18,Highway,10,,,27 lbs,
73613730,40,Hankook,Hankook Ventus S1 K107 225/40R18 Tire,92,XL,0 PSI,1389 lbs,8,Ventus S1 K107,25.1 inch,,1005956,828,18,9 inch,7.5 inch,225,SBL,Y,,225/40R18,Highway,10.5,7.7,,,
73613100,60,Hankook,Hankook Radial H714 3Groove 195/60R14 Tire,86,,0 PSI,1168 lbs,6,Radial H714 3Groove,23.2 inch,,1003471,895,14,7 inch,5.5 inch,195,VSB,H,,195/60R14,Highway,9.5,5.4,,,
73613420,60,Hankook,Hankook Radial H714 4Groove 225/60R16 Tire,97,,0 PSI,1609 lbs,6.5,Radial H714 4Groove,26.5 inch,P,1005278,784,16,8 inch,6 inch,225,VSB,T,,225/60R16,Highway,10,6.3,,,
73612660,50,Michelin,Michelin Pilot Sport 205/50R17 Tire,89,SL,0 PSI,1279 lbs,6.5,Pilot Sport,,,78824,,17,7.5 inch,5.5 inch,205,,Y,,205/50R17,Highway,10,,220 AA A,,
73613140,65,Blue Streak,Blue Streak GT 665 205/65R15 Tire,94,SL,0 PSI,1477 lbs,6.00,GT 665,25.5 inch,,119205658,0,15,7.5 inch,5.5 inch,205,BLK,H,,205/65R15,,10,,320 A B,22.3 lbs,
73612890,65,Michelin,Michelin MXV3 195/65R15 Tire,91,,,,,MXV3,,,40712,,15,7 inch,5.5 inch,195,,V,,195/65R15,,,,,,
73613520,55,Hankook,Hankook Ventus HR II 235/55R17 Tire,99,,0 PSI,1709 lbs,7.5,Ventus HR II,27.2 inch,,1004435,764,17,8.5 inch,6.5 inch,235,DSB,H,,235/55R17,Highway,10.5,8,,,
73612770,60,Michelin,Michelin XMS 300 Series 225/60R15 Tire,96,,,,,XMS 300 Series,,,54091,,15,8 inch,6 inch,225,,H,,225/60R15,,,,,,
73613220,55,Blue Streak,Blue Streak BST Gdyr Eagle NCT5 215/55R16 Tire,93,SL,0 PSI,1433 lbs,0.00,BST Gdyr Eagle NCT5,0 inch,,119215558,0,16,0 inch,0 inch,215,BSW,Y,,215/55R16,,0,,240 A A,21.84 lbs,
73613570,55,Hankook,Hankook Radial K106 205/55R16 Tire,91,,0 PSI,1356 lbs,6.5,Radial K106,25 inch,,1005151,831,16,7.5 inch,5.5 inch,205,DSB,V,,205/55R16,Highway,10.5,6.5,,,
73612690,35,Michelin,Michelin Pilot Sport 285/35R18 Tire,97,SL,,,10,Pilot Sport,,,73226,,18,11 inch,9.5 inch,285,,W,,285/35R18,Highway,,,220 AA A,29 lbs,
73613780,35,Hankook,Hankook VENTUS V12 evo K110 285/35R19 Tire,99,,0 PSI,1709 lbs,10,VENTUS V12 evo K110,,,1008981,773,19,11 inch,9.5 inch,285,,Y,,285/35R19,Highway,10,,,31 lbs,
73613180,75,Blue Streak,Blue Streak Treva LT A/S RL888 225/75R16 Tire,115,E,0 PSI,2680 lbs,6.00,Treva LT A/S RL888,29.3 inch,LT,382225752,0,16,7 inch,6 inch,225,OWL,S,,225/75R16,,13,,,37 lbs,
73613070,65,Michelin,Michelin Harmony 185/65R14 Tire,85,SL,0 PSI,1124 lbs,,Harmony,,,99079,,14,6.5 inch,5 inch,185,,S,,185/65R14,Highway,11,,680 A B,,
73613720,75,Hankook,Hankook Dynamic AT RF03 245/75R16 Tire,,,,,,Dynamic AT RF03,,,2000219,,16,8 inch,6.5 inch,245,OWL,,,245/75R16,Off Road,,,,,
73613500,40,Hankook,Hankook Ventus HR II 235/40R17 Tire,90,,,,8.5,Ventus HR II,24.3 inch,,1002109,,17,9.5 inch,8 inch,235,DSB,H,,235/40R17,Highway,,8,,24 lbs,
73612640,40,Michelin,Michelin Pilot Sport 245/40R18 Tire,93,,0 PSI,1433 lbs,,Pilot Sport,25.8 inch,,94250,805,18,9.5 inch,8 inch,245,RRBL,Z,,245/40R18,Highway,10,,,,
73613960,75,Hankook,Hankook RF10 245/75R16 Tire,109,,,,,RF10,,P,1008672,,16,8 inch,7 inch,245,,T,,245/75R16,Highway,,,,,
73613490,40,Hankook,Hankook Ventus HR II 245/40R18 Tire,93,,,,8.5,Ventus HR II,25.7 inch,,1003012,,18,9.5 inch,8 inch,245,DSB,H,,245/40R18,Highway,,8.3,,27 lbs,
73613020,50,Michelin,Michelin Pilot Exalto 195/50R15 Tire,82,,,,,Pilot Exalto,,,79013,,15,7 inch,5.5 inch,195,,H,,195/50R15,Highway,,,,,
73613870,75,Hankook,Hankook Dynamic RH03 225/75R15 Tire,,,,,,Dynamic RH03,,,1001900,,15,7.5 inch,6 inch,225,OWL,,,225/75R15,,,,,,
73612850,55,Michelin,Michelin XGT V4 205/55R16 Tire,89,,,,,XGT V4,,,49556,,16,7.5 inch,5.5 inch,205,,V,,205/55R16,,,,,,
73613130,50,Hankook,Hankook Icebear W300 235/50R18 Tire,98,XL,,,7.5,Icebear W300,27.2 inch,,1005043,,18,8.5 inch,6.5 inch,235,DSB,V,,235/50R18,Highway,,7.6,,29 lbs,
73612960,65,Blue Streak,Blue Streak BST Kelly Sport 185/65R14 Tire,86,SL,0 PSI,1279 lbs,5.50,BST Kelly Sport,23.5 inch,,119185655,0,14,6.5 inch,5 inch,185,BSW,H,,185/65R14,,0,,320 A B,16.9 lbs,
73613360,50,Hankook,Hankook RH07 285/50R20 Tire,116,XL,,,9,RH07,31.3 inch,,1006923,,20,10 inch,8 inch,285,SBL,H,,285/50R20,,,9.5,,50 lbs,
73612830,60,Michelin,Michelin XGT V4 215/60R15 Tire,93,,,,,XGT V4,,,37506,,15,7.5 inch,6 inch,215,,V,,215/60R15,,,,,,
73612930,85,Blue Streak,Blue Streak Treva LT JB42 235/85R16 Tire,120,E,0 PSI,3042 lbs,6.50,Treva LT JB42,31.7 inch,LT,382235850,0,16,7.5 inch,6 inch,235,OWL,Q,,235/85R16,,13,,,45.19 lbs,
73613880,75,Hankook,Hankook Dynamic RH03 225/75R16 Tire,,,,,,Dynamic RH03,,,2000266,,16,7.5 inch,6 inch,225,SBL,,,225/75R16,,,,,,
73612720,45,Michelin,Michelin Pilot Sport 245/45R18 Tire,100,,,,8,Pilot Sport,26.7 inch,,89002,,18,9 inch,7.5 inch,245,BSW,Y,,245/45R18,Highway,,,220 AA A,28 lbs,
73613650,60,Hankook,Hankook H714 215/60R15 Tire,93,,0 PSI,1413 lbs,6.5,H714,25 inch,P,1006502,831,15,7.5 inch,6 inch,215,VSB,H,,215/60R15,Highway,10,,,,
73613340,50,Hankook,Hankook H105 235/50R18 Tire,97,,,1609 lbs,,H105,27.3 inch,,1008403,761,18,8.5 inch,6.5 inch,235,DSB,W,,235/50R18,Highway,10.5,7.8,,,
73613080,60,Michelin,Michelin Harmony 215/60R16 Tire,94,,,,7,Harmony,26 inch,,05732,,16,7.5 inch,6 inch,215,,T,,215/60R16,Highway,,,740 A B,27 lbs,
73612700,35,Michelin,Michelin Pilot Sport 235/35R19 Tire,,,,,,Pilot Sport,,,92749,,19,9.5 inch,8 inch,235,,,,235/35R19,Highway,,,,,
73613380,45,Hankook,Hankook RH07 275/45R20 Tire,110,XL,,,9,RH07,29.8 inch,,1006563,,20,10.5 inch,8.5 inch,275,SBL,V,,275/45R20,,,9.2,,50 lbs,
73613600,50,Hankook,Hankook OPTIMO H728 225/50R18 Tire,94,,0 PSI,1477 lbs,7,OPTIMO H728,,,1009492,,18,8 inch,6 inch,225,,T,,225/50R18,Highway,12,,,32 lbs,
73613970,75,Hankook,Hankook RF10 245/75R17 Tire,121,,,,,RF10,31.5 inch,,2001386,659.5,17,7.5 inch,6.5 inch,245,OWL,S,,245/75R17,Highway,16,7.4,,,
73613300,60,Hankook,Hankook Mileage Plus II H725 205/60R15 Tire,90,,0 PSI,1301 lbs,6,Mileage Plus II H725,24.6 inch,P,1004550,844,15,7.5 inch,5.5 inch,205,DSB,S,,205/60R15,Highway,10.5,6.4,,,
73612820,55,Michelin,Michelin Pilot Exalto A/S 215/55R16 Tire,93,SL,,,7,Pilot Exalto A/S,25.3 inch,,36881,,16,7.5 inch,6 inch,215,BSW,V,,215/55R16,Highway,,,400 A A,23 lbs,
73613800,25,Hankook,Hankook VENTUS V12 evo K110 305/25R20 Tire,97,,0 PSI,1609 lbs,11,VENTUS V12 evo K110,,,1009514,800,20,11.5 inch,10.5 inch,305,,Y,,305/25R20,Highway,10,,,30 lbs,
73613440,75,Hankook,Hankook Radial H714 4Groove 215/75R15 Tire,100,,0 PSI,1742 lbs,6,Radial H714 4Groove,27.4 inch,P,1003486,758,15,7 inch,5.5 inch,215,WSW,S,,215/75R15,Highway,10,5.3,,,
73613680,60,Hankook,Hankook H714 205/60R16 Tire,91,,0 PSI,1356 lbs,6,H714,25.7 inch,P,1006498,808,16,7.5 inch,5.5 inch,205,VSB,H,,205/60R16,Highway,10,,,,
73613010,55,Michelin,Michelin Pilot Exalto PE2 205/55R16 Tire,91,,0 PSI,1356 lbs,6.5,Pilot Exalto PE2,24.9 inch,,45960,835,16,7.5 inch,5.5 inch,205,,W,,205/55R16,Highway,,,240 A A,,
73614000,85,Hankook,Hankook RF10 215/85R16 Tire,115,,,,,RF10,30.4 inch,,2001380,679.5,16,7 inch,5.5 inch,215,OWL,R,,215/85R16,Highway,16,6.5,,,
73612780,85,Michelin,Michelin XCH4 Comm 215/85R16 Tire,,,,,,XCH4 Comm,,,34967,,16,7.5 inch,6 inch,215,,,,215/85R16,,,,,,
73613740,85,Hankook,Hankook Dynamic AT RF03 235/85R16 Tire,,,,,,Dynamic AT RF03,,,2000222,,16,,,235,OBL,,,235/85R16,Off Road,,,,,
73613750,35,Hankook,Hankook Ventus S1 K107 265/35R18 Tire,97,XL,0 PSI,1609 lbs,9.5,Ventus S1 K107,25.2 inch,,1005957,824,18,10.5 inch,9 inch,265,SBL,Y,,265/35R18,Highway,10,9.1,,,
73613710,40,Hankook,Hankook Ventus RSS Z211 275/40R17 Tire,,,,,10,Ventus RSS Z211,25.6 inch,,1005705,813,17,11 inch,9.5 inch,275,,W,,275/40R17,Competition,7,10.2,50 AA A,,
73613210,75,Blue Streak,Blue Streak Guardsman 205/75R14 Tire,95,SL,0 PSI,1521 lbs,0.00,Guardsman,0 inch,,119205750,0,14,0 inch,0 inch,205,BSW,T,,205/75R14,,10,,380 A B,19.6 lbs,
73612650,40,Michelin,Michelin Pilot Sport 225/40R18 Tire,88,SL,0 PSI,1235 lbs,8,Pilot Sport,,,70149,,18,9 inch,7.5 inch,225,RRBL,Y,,225/40R18,Highway,10,,220 AA A,,
73613580,45,Hankook,Hankook Radial K106 215/45R17 Tire,87,,0 PSI,1201 lbs,7,Radial K106,24.7 inch,,1005324,841,17,8 inch,7 inch,215,DSB,H,,215/45R17,Highway,10.5,7.4,,,
73613480,35,Hankook,Hankook Ventus Z214 275/35R18 Tire,,,0 PSI,1521 lbs,9.5,Ventus Z214,25.5 inch,,1006687,815,18,11 inch,9 inch,275,BSW,,,275/35R18,Competition,4,,,,
73614030,40,Hankook,Hankook Ventus Sport K104 225/40R18 Tire,92,XL,0 PSI,1389 lbs,8,Ventus Sport K104,25 inch,,1005951,831,18,9 inch,7.5 inch,225,DSB,Y,,225/40R18,Highway,10.5,,,,
73612730,35,Michelin,Michelin Pilot Sport 275/35R20 Tire,98,,,,,Pilot Sport,,,62122,,20,11 inch,9 inch,275,,Y,,275/35R20,Highway,,,,,
73613660,60,Hankook,Hankook H714 235/60R16 Tire,99,,0 PSI,1709 lbs,7,H714,26.9 inch,P,1006501,772,16,8.5 inch,6.5 inch,235,VSB,H,,235/60R16,Highway,10,,,,
73613370,60,Hankook,Hankook RH07 285/60R18 Tire,120,XL,,,8.5,RH07,31.5 inch,,1006931,,18,10 inch,8 inch,285,SBL,H,,285/60R18,,,9.4,,50 lbs,
73613610,75,Hankook,Hankook Dynamic MT RT01 235/75R15 Tire,104,,0 PSI,1985 lbs,6.5,Dynamic MT RT01,29 inch,,2000277,712,15,8 inch,6 inch,235,OWL,Q,,235/75R15,Off Road,18,6.9,,,
73612840,55,Michelin,Michelin XGT V4 195/55R15 Tire,84,,,,,XGT V4,,,72966,,15,7 inch,5.5 inch,195,,V,,195/55R15,,,,,,
73613950,75,Hankook,Hankook RF10 265/75R16 Tire,114,,,,,RF10,,P,1008708,,16,9 inch,7 inch,265,,T,,265/75R16,Highway,,,,,
73613120,65,Hankook,Hankook Icebear W300 235/65R17 Tire,108,XL,,,7,Icebear W300,29.1 inch,,1004474,,17,8.5 inch,6.5 inch,235,DSB,V,,235/65R17,Highway,,7.4,,32 lbs,
73612940,85,Blue Streak,Blue Streak JB 42/56 215/85R16 Tire,115,E,0 PSI,2680 lbs,6,JB 42/56,28.5 inch,LT,382215852,,16,7 inch,5 inch,215,BLK,Q,,215/85R16,,13,,,39.6 lbs,
73613890,55,Hankook,Hankook H411 205/55R16 Tire,91,,,,,H411,,,1002424,,16,8 inch,6 inch,205,,V,,205/55R16,,,,,,
73613350,50,Hankook,Hankook Ventus K106 205/50R15 Tire,86,,0 PSI,1168 lbs,6.5,Ventus K106,23.1 inch,,1006206,899,15,7.5 inch,5.5 inch,205,DSB,V,,205/50R15,Highway,10,,,,
73613200,70,Blue Streak,Blue Streak Guardsman 185/70R14 Tire,88,SL,0 PSI,1235 lbs,0.00,Guardsman,0 inch,,119185716,0,14,0 inch,0 inch,185,BSW,T,,185/70R14,,10,,380 A B,19.36 lbs,
73613840,70,Hankook,Hankook Dynapro AT RF08 225/70R15 Tire,100,,0 PSI,1753 lbs,6.5,Dynapro AT RF08,27.4 inch,,1003071,757,15,7.5 inch,6 inch,225,OWL,S,,225/70R15,Highway,12.5,6.7,,,
73612860,70,Michelin,Michelin Symmetry 215/70R15 Tire,97,,,,,Symmetry,,,94418,,15,7 inch,5.5 inch,215,,S,,215/70R15,Highway,,,,,
73612870,70,Michelin,Michelin Symmetry 175/70R13 Tire,82,SL,0 PSI,1036 lbs,5,Symmetry,22.8 inch,,94729,912,13,6 inch,4.5 inch,175,BWDT,S,,175/70R13,Highway,10,,560 A B,,
73612750,30,Michelin,Michelin Pilot Sport 285/30R19 Tire,94,SL,0 PSI,1477 lbs,10,Pilot Sport,,,81602,,19,11 inch,10 inch,285,,Y,,285/30R19,Highway,10,,220 AA A,,
73612900,70,Michelin,Michelin X Radial LT 235/70R15 Tire,,,,,,X Radial LT,,,62972,,15,8 inch,6 inch,235,ORWL,,,235/70R15,,,,,,
73613170,70,Blue Streak,Blue Streak Ultra Metric Radial II 175/70R13 Tire,82,SL,0 PSI,1047 lbs,5.00,Ultra Metric Radial II,22.7 inch,,119175708,0,13,6 inch,4.5 inch,175,VSB,T,,175/70R13,,10,,320 A B,15.3 lbs,
73613090,70,Michelin,Michelin Harmony 195/70R14 Tire,90,SL,0 PSI,1312 lbs,,Harmony,,,78326,,14,6.5 inch,5 inch,195,,S,,195/70R14,Highway,11,,680 A B,,
73613990,70,Hankook,Hankook RF10 255/70R16 Tire,109,,,,,RF10,,P,1008669,,16,9 inch,7 inch,255,,T,,255/70R16,Highway,,,,,
73613900,70,Hankook,Hankook Dynamic RH03 265/70R17 Tire,,,,,,Dynamic RH03,,,1001899,,17,9 inch,7 inch,265,OWL,,,265/70R17,,,,,,
73613190,70,Blue Streak,Blue Streak GT Touring TR 215/70R15 Tire,98,SL,0 PSI,1653 lbs,6.50,GT Touring TR,26.9 inch,,119215705,0,15,7 inch,5 inch,215,VSB,T,,215/70R15,,12,,320 A B,26.01 lbs,
73612680,30,Michelin,Michelin Pilot Sport 285/30R20 Tire,95,,,,,Pilot Sport,,,43251,,20,10.5 inch,9.5 inch,285,,Y,,285/30R20,Highway,,,220 AA A,,
73612880,70,Michelin,Michelin MXV3 195/70R14 Tire,91,,,,,MXV3,,,09202,,14,6.5 inch,5 inch,195,,V,,195/70R14,,,,,,
73612740,30,Michelin,Michelin Pilot Sport 285/30R18 Tire,93,,0 PSI,1433 lbs,,Pilot Sport,25 inch,,95191,832,18,11 inch,10 inch,285,RRBL,Y,,285/30R18,Highway,10,,,,
73613290,30,Hankook,Hankook Ventus ST 305/30R26 Tire,111,XL,0 PSI,2403 lbs,11,Ventus ST,33.2 inch,,1005223,579,26,11.5 inch,10.5 inch,305,VSB,V,,305/30R26,Highway,11,,,,
73613160,70,Blue Streak,Blue Streak GT3 185/70R13 Tire,86,SL,0 PSI,1168 lbs,5.50,GT3,23.2 inch,,119185708,0,13,6 inch,4.5 inch,185,BSW,T,,185/70R13,,0,,320 A B,17 lbs,
73613860,70,Hankook,Hankook Dynamic RH03 255/70R16 Tire,,,,,,Dynamic RH03,,,1001897,,16,8.5 inch,6.5 inch,255,OWL,,,255/70R16,,,,,,
73613320,70,Hankook,Hankook Mileage Plus II H725 235/70R15 Tire,102,,0 PSI,1896 lbs,7,Mileage Plus II H725,27.9 inch,P,1004572,745,15,8 inch,6 inch,235,WSW,S,,235/70R15,Highway,11,6.9,,,
73613770,30,Hankook,Hankook VENTUS V12 evo K110 305/30R19 Tire,102,,0 PSI,1874 lbs,11,VENTUS V12 evo K110,,,1009509,791,19,11.5 inch,10.5 inch,305,,Y,,305/30R19,Highway,10,,,30 lbs,
73613980,70,Hankook,Hankook RF10 245/70R17 Tire,119,,,,,RF10,30.6 inch,,2001382,679.9,17,8 inch,6.5 inch,245,OWL,R,,245/70R17,Highway,16.5,7.4,,,
73612790,70,Michelin,Michelin MX4 205/70R15 Tire,,,,,,MX4,,,48584,,15,7 inch,5 inch,205,,,,205/70R15,Highway,,,,,
73613060,70,Michelin,Michelin Harmony 205/70R15 Tire,95,SL,0 PSI,1499 lbs,,Harmony,,,70541,,15,7 inch,5 inch,205,,S,,205/70R15,Highway,11,,680 A B,,
